id,participant_id,participant_no,condition_id,condition_type,task_order,age,gender,education,occupation,created_at,country,languages,english_proficiency,race_ethnicity,race_other,llm_usage,tools_used,tools_other,multi_agent_experience,multi_agent_types,multi_agent_other,multi_agent_open_ended,sii,nfc,ai_acceptance,sii_1,sii_2,sii_3,sii_4,nfc_1,nfc_2,nfc_3,nfc_4,nfc_5,nfc_6,ai_acceptance_1,ai_acceptance_2,ai_acceptance_3,ai_acceptance_4,ai_acceptance_5
abd58fac-dc41-4baa-9b60-5eba7c7fb17e,32b70b37-a395-44f7-af56-31268be200c4,1,1.0,majority,informativeFirst,54,female,masters,Consultant,2025-09-09 14:45:54.234634+00:00,united-states,"[""English""]",7,White,,7,"[""ChatGPT"",""Gemini""]",,never,"[""Self-developed for research/production""]",,,"[5,6,5,5]","[7,6,6,7,6,7]","[7,7,6,6,4]",5,6,5,5,7,6,6,7,6,7,7,7,6,6,4
46f2574c-b900-4a24-8c9a-141e121dcaec,c724fed7-5bb1-4e16-972d-c7dbac7ba34e,2,2.0,minority,normativeFirst,37,female,undergraduate,Communications Manager,2025-09-09 14:46:16.516416+00:00,united-states,"[""English""]",7,Black/African,,5,"[""ChatGPT""]",,only-heard,"[""Role-divided chatbots (e.g., expert/novice)""]",,,"[4,6,2,4]","[6,6,6,7,6,6]","[5,6,4,4,4]",4,6,2,4,6,6,6,7,6,6,5,6,4,4,4
2c86b4ad-9760-4177-9a98-4d98d6a94812,871d350b-2da5-4cf0-8a7a-c2dc88bb4803,3,3.0,minorityDiffusion,informativeFirst,64,male,undergraduate,Engineering,2025-09-09 14:48:18.266086+00:00,united-kingdom,"[""English""]",7,White,,3,"[""ChatGPT"",""Gemini"",""Other""]",AI image generation Bing,only-heard,"[""Debate/Collaboration simulation agents""]",,,"[2,4,1,1]","[4,5,5,7,7,6]","[5,4,5,4,4]",2,4,1,1,4,5,5,7,7,6,5,4,5,4,4
97da88e7-45fd-4ecb-bbd8-1a08ef2800e7,3794c56c-dffa-48cd-b926-e7a6b094f258,4,4.0,majority,normativeFirst,38,female,high-school-or-below,Clinical support worker/pet sitter,2025-09-09 14:54:02.974299+00:00,united-kingdom,"[""English""]",7,White,,4,"[""ChatGPT"",""Gemini""]",,tried-briefly,"[""Role-divided chatbots (e.g., expert/novice)""]",,,"[6,6,5,5]","[5,5,5,5,5,5]","[5,5,5,5,5]",6,6,5,5,5,5,5,5,5,5,5,5,5,5,5
f21b2815-505f-4b17-be9b-00f4372f56c2,2648d04c-6732-41ba-a408-acd2a3ec32e7,5,5.0,minority,informativeFirst,71,male,high-school-or-below,Retired,2025-09-09 14:47:39.202543+00:00,united-states,"[""English""]",7,White,,6,"[""ChatGPT"",""Gemini"",""Grok""]",,never,[],,,"[5,7,7,7]","[2,4,3,4,5,2]","[7,7,6,7,7]",5,7,7,7,2,4,3,4,5,2,7,7,6,7,7
25411f93-d3a8-4e35-b4c8-4f30227bd3ad,4a257cd1-8d04-4b90-a741-5745fa88f51a,6,6.0,minorityDiffusion,normativeFirst,42,female,undergraduate,Self employed,2025-09-09 14:48:22.420410+00:00,united-states,"[""English""]",7,White,,5,"[""ChatGPT""]",,never,[],,,"[4,4,2,2]","[6,7,6,6,6,5]","[5,5,6,4,4]",4,4,2,2,6,7,6,6,6,5,5,5,6,4,4
0d272188-8eec-4e2e-967a-8d3484689630,cef7f64b-9637-4193-bdd6-c9943b06c56a,7,7.0,majority,informativeFirst,51,male,undergraduate,Inventor,2025-09-09 14:48:50.353529+00:00,united-states,"[""English""]",7,White,,5,"[""ChatGPT"",""Gemini"",""Other""]",CO PILOT,never,"[""Self-developed for research/production""]",,,"[3,5,3,3]","[6,6,6,6,6,6]","[5,4,4,4,4]",3,5,3,3,6,6,6,6,6,6,5,4,4,4,4
d9f38231-d618-4828-9442-6242452051a1,84960d02-7dc3-43a3-b2e1-a945f23d90f0,8,8.0,minority,normativeFirst,48,male,undergraduate,Real Estate,2025-09-09 14:49:40.231075+00:00,united-states,"[""English""]",7,White,,5,"[""ChatGPT""]",,never,[],,,"[3,4,3,3]","[2,2,2,2,3,4]","[5,5,4,5,5]",3,4,3,3,2,2,2,2,3,4,5,5,4,5,5
115cfa92-78c0-48b4-bfe3-84291042e623,531f9ad6-bffe-44e4-a4f4-e115908912f6,9,9.0,minorityDiffusion,informativeFirst,29,female,masters,Data Analyst,2025-09-09 14:48:50.086302+00:00,united-kingdom,"[""English""]",7,White,,6,"[""Other""]",Perplexity,never,[],,,"[3,5,5,5]","[2,4,3,6,4,5]","[7,7,7,6,6]",3,5,5,5,2,4,3,6,4,5,7,7,7,6,6
857231f6-a322-4523-b799-ef60649f98a2,cfff5380-ac7a-474b-b789-c9210b78dd2b,10,10.0,majority,normativeFirst,60,female,undergraduate,homemaker,2025-09-09 14:58:04.203534+00:00,united-states,"[""English""]",7,White,,7,[],,never,[],,none,"[7,7,5,5]","[6,7,7,7,7,7]","[6,7,7,7,4]",7,7,5,5,6,7,7,7,7,7,6,7,7,7,4
b2ee9e56-3148-441e-8b98-0350ea89ddd2,b121bfe8-f8b7-48fc-af14-f99c15aedc62,11,11.0,minority,informativeFirst,56,male,undergraduate,Principal Recruiter,2025-09-09 15:39:49.041250+00:00,united-states,"[""English""]",7,White,,6,"[""ChatGPT""]",,never,"[""Role-divided chatbots (e.g., expert/novice)""]",,,"[6,6,5,5]","[5,3,6,5,5,5]","[7,6,6,6,4]",6,6,5,5,5,3,6,5,5,5,7,6,6,6,4
2b3b4ba7-95f5-4405-8a25-283bca97b26f,3602b073-9f84-4bd3-a681-ea302ad6a1bf,12,12.0,minorityDiffusion,normativeFirst,33,male,undergraduate,Marketing Manager,2025-09-09 14:48:24.919152+00:00,united-kingdom,"[""English""]",7,White,,7,"[""ChatGPT"",""Gemini""]",,never,"[""Role-divided chatbots (e.g., expert/novice)"",""Self-developed for research/production"",""Debate/Collaboration simulation agents""]",,,"[5,6,5,5]","[6,5,5,6,5,5]","[6,6,5,6,5]",5,6,5,5,6,5,5,6,5,5,6,6,5,6,5
f797ddec-14d9-4c31-a306-a8c63a3a702b,21b14e1e-73cd-4390-af56-e404b575742d,13,13.0,majority,informativeFirst,35,female,undergraduate,carer,2025-09-09 14:49:24.472080+00:00,united-kingdom,"[""English""]",7,White,,4,"[""ChatGPT"",""Gemini""]",,only-heard,"[""Debate/Collaboration simulation agents""]",,,"[4,6,3,3]","[2,1,2,3,2,2]","[3,4,3,3,3]",4,6,3,3,2,1,2,3,2,2,3,4,3,3,3
daf7ef10-0473-4abc-961a-8e8a3788d231,eda76aba-529a-4bba-a2de-ccddec750d17,14,14.0,minority,normativeFirst,47,female,masters,ALNCo,2025-09-09 14:49:46.508847+00:00,united-kingdom,"[""English""]",7,White,,5,"[""ChatGPT"",""Other""]",Co-Pilot,tried-briefly,"[""Role-divided chatbots (e.g., expert/novice)""]",,,"[2,4,4,4]","[4,5,6,6,6,6]","[5,5,4,5,5]",2,4,4,4,4,5,6,6,6,6,5,5,4,5,5
979dbcdb-1f6e-4d61-9eef-1a1098fb4578,5b6a5a77-da0a-4cc4-b5fe-dbf17496f7df,15,15.0,minorityDiffusion,informativeFirst,58,female,high-school-or-below,admin assistant,2025-09-09 14:49:53.520409+00:00,united-kingdom,"[""English""]",7,White,,5,"[""ChatGPT""]",,never,[],,,"[7,5,6,6]","[1,1,1,1,1,1]","[7,7,5,6,6]",7,5,6,6,1,1,1,1,1,1,7,7,5,6,6
1b781a71-1021-4ba2-a85f-d539fae13af6,5d934fc1-711c-402b-ac91-17e8e7f9b263,16,16.0,majority,normativeFirst,37,female,undergraduate,homemaker,2025-09-09 14:51:42.300082+00:00,united-states,"[""English""]",7,White,,2,"[""ChatGPT"",""Gemini""]",,never,[],,,"[3,4,4,4]","[4,6,4,6,5,5]","[3,3,2,4,1]",3,4,4,4,4,6,4,6,5,5,3,3,2,4,1
5d2c188d-df40-4e15-9050-ad9104f7de4f,1e550f61-e86f-4792-9766-7a50fd3332e3,17,17.0,minority,informativeFirst,29,female,high-school-or-below,Admin assistant ,2025-09-09 17:22:44.114640+00:00,united-kingdom,"[""English""]",7,White,,5,"[""ChatGPT""]",,never,"[""Other""]","Budgeting, planning, creat images to view house ideas ",Recently chat got keeps doing everything wrong and it's getting really frustrating ,"[6,6,5,5]","[1,1,1,5,2,1]","[6,5,5,5,5]",6,6,5,5,1,1,1,5,2,1,6,5,5,5,5
a6aabc19-55ac-4e66-9651-f5fc435d6341,4a3c5081-d999-41a2-ac0f-c3be5c903638,18,18.0,minorityDiffusion,normativeFirst,54,female,high-school-or-below,Secretary,2025-09-09 14:52:22.717828+00:00,united-kingdom,"[""English""]",7,White,,5,"[""ChatGPT""]",,never,[],,,"[4,5,4,3]","[5,6,7,7,7,6]","[5,4,5,6,6]",4,5,4,3,5,6,7,7,7,6,5,4,5,6,6
4df9991c-4696-4667-b1db-355166492cd2,37434cb2-4371-4c88-93e7-ba80a6511ca3,19,19.0,majority,informativeFirst,50,male,masters,Teaching,2025-09-09 14:54:52.208798+00:00,united-states,"[""English""]",7,Black/African,,4,"[""ChatGPT"",""Gemini""]",,frequently-used,"[""Emotional support multi-characters"",""Coding/Learning/Productivity assistants"",""Self-developed for research/production""]",,,"[3,6,3,1]","[7,6,7,7,5,7]","[7,4,6,6,7]",3,6,3,1,7,6,7,7,5,7,7,4,6,6,7
826b7b86-90db-4e56-ae49-85af23f0c01b,74c9f1d7-3521-444e-9345-c995a33dc27a,20,20.0,minority,normativeFirst,54,female,undergraduate,Freelance event manager,2025-09-09 14:54:12.225871+00:00,united-kingdom,"[""English""]",7,White,,5,"[""ChatGPT"",""Gemini""]",,never,[],,,"[5,6,5,5]","[6,5,5,6,5,6]","[4,5,3,4,3]",5,6,5,5,6,5,5,6,5,6,4,5,3,4,3
f46be4ee-5dd6-42f1-9c1b-0e9aa1630422,66a31a6c-cd36-4668-b475-44db5f8dae1e,21,21.0,minorityDiffusion,informativeFirst,26,female,undergraduate,Store Clerk,2025-09-09 14:54:22.044821+00:00,united-states,"[""English""]",7,Black/African,,7,"[""ChatGPT""]",,tried-briefly,"[""Role-divided chatbots (e.g., expert/novice)""]",,,"[4,6,3,2]","[7,6,7,4,7,7]","[4,4,2,2,3]",4,6,3,2,7,6,7,4,7,7,4,4,2,2,3
4d1befa4-40a4-4ad1-a4a0-92cef2955d04,828a3c44-961f-434e-948b-36a0dfc6cfe7,22,22.0,majority,normativeFirst,70,female,masters,Pharmacist,2025-09-09 14:57:15.177429+00:00,united-states,"[""English""]",7,White,,5,"[""ChatGPT""]",,only-heard,"[""Self-developed for research/production""]",,,"[6,5,4,1]","[5,5,5,5,5,5]","[7,7,5,7,7]",6,5,4,1,5,5,5,5,5,5,7,7,5,7,7
7d7cdd23-5a05-451d-a65f-fc2d6b98ac4b,53a97c91-f20c-45e2-bb24-3de3bf2f48a9,23,23.0,minority,informativeFirst,33,female,masters,Admin,2025-09-09 14:54:04.468204+00:00,united-kingdom,"[""English""]",7,White,,2,"[""ChatGPT""]",,never,"[""Self-developed for research/production""]",,,"[5,6,5,4]","[5,6,5,5,5,5]","[4,5,4,4,4]",5,6,5,4,5,6,5,5,5,5,4,5,4,4,4
c8c090dd-90fb-4bc9-942a-af9a77411616,4fc031df-bd76-4619-affa-8dcd30c6c748,24,24.0,minorityDiffusion,normativeFirst,30,male,undergraduate,CEO,2025-09-09 14:57:56.752157+00:00,united-states,"[""Japanese"",""English""]",7,White,,6,"[""ChatGPT"",""Gemini""]",,frequently-used,"[""Self-developed for research/production"",""Coding/Learning/Productivity assistants""]",,,"[4,4,3,3]","[6,6,6,6,6,6]","[5,6,5,5,4]",4,4,3,3,6,6,6,6,6,6,5,6,5,5,4
693ae890-b8a7-4d4e-8764-1b55e90a2d81,873bb404-396b-4a21-bd83-ad7dd1a10af9,25,25.0,majority,informativeFirst,34,male,undergraduate,IT Support,2025-09-09 14:58:12.057596+00:00,united-kingdom,"[""English""]",7,White,,5,"[""ChatGPT"",""Claude"",""Grok"",""Gemini""]",,never,[],,,"[4,5,5,4]","[6,5,5,6,6,5]","[6,7,5,6,3]",4,5,5,4,6,5,5,6,6,5,6,7,5,6,3
9624fcf9-b1bb-43c7-893b-6c0bf5e0b1c7,68e6e5f1-1440-4cb4-bef8-4a7009a19b5c,26,26.0,minority,normativeFirst,50,female,undergraduate,Telemarketing,2025-09-09 15:02:12.034072+00:00,united-kingdom,"[""English""]",7,White,,3,"[""ChatGPT"",""Gemini""]",,never,[],,,"[5,6,5,6]","[5,4,4,3,4,4]","[6,5,3,5,3]",5,6,5,6,5,4,4,3,4,4,6,5,3,5,3
e293a97f-db1e-4886-920d-dcaff5946e36,4ef00beb-110b-4d54-9b31-ecd001440d8a,27,27.0,minorityDiffusion,informativeFirst,61,male,high-school-or-below,carer,2025-09-09 15:09:20.787089+00:00,united-kingdom,"[""English""]",7,White,,6,"[""ChatGPT"",""Other""]","Co-pilot, Perplexity.",tried-briefly,"[""Other""]",Research,,"[3,7,4,4]","[2,2,2,7,2,4]","[7,7,6,7,7]",3,7,4,4,2,2,2,7,2,4,7,7,6,7,7
297d51f1-3196-4406-a922-1de1e815b7cb,32675228-78fc-4a45-91cb-6e2abd39ca5f,28,28.0,majority,normativeFirst,38,female,high-school-or-below,artist,2025-09-09 15:03:31.734531+00:00,united-kingdom,"[""English""]",7,White,,3,"[""ChatGPT"",""Gemini"",""Other""]",google ai,tried-briefly,"[""Debate/Collaboration simulation agents""]",,One was superior in how it was set out compared to the other,"[7,6,5,5]","[4,1,4,6,5,3]","[5,5,3,3,5]",7,6,5,5,4,1,4,6,5,3,5,5,3,3,5
e7459e37-4202-4622-bf60-63f4a6148336,f3619e69-7a0a-47bd-a00f-daed6fc2ce92,29,29.0,minority,informativeFirst,64,female,masters,retired,2025-09-09 15:10:04.836644+00:00,united-kingdom,"[""English""]",7,White,,7,"[""Other""]",copilot,never,[],,none,"[1,3,2,1]","[1,4,4,6,5,7]","[7,7,7,7,7]",1,3,2,1,1,4,4,6,5,7,7,7,7,7,7
f3666c5a-24fa-476a-921a-25d7e90239cc,cef9291c-661f-4221-a4f2-9d8bf16fb111,30,30.0,minorityDiffusion,normativeFirst,36,male,undergraduate,Small Business Owner,2025-09-09 15:18:23.254010+00:00,united-states,"[""English""]",7,White,,7,"[""Gemini"",""Claude"",""ChatGPT"",""Grok"",""Other""]","MS CoPilot, GitHub CoPilot, Perplexity, DeepSeek, ETC...",frequently-used,"[""Coding/Learning/Productivity assistants"",""Role-divided chatbots (e.g., expert/novice)""]",,,"[4,1,3,3]","[7,7,7,7,7,7]","[7,7,5,7,7]",4,1,3,3,7,7,7,7,7,7,7,7,5,7,7
a01f7f28-1e79-41cc-81da-273c22c51ecb,85df1458-9ca6-4192-8023-967795afee8f,31,31.0,majority,informativeFirst,31,male,undergraduate,secondary education teacher,2025-09-09 15:18:34.213551+00:00,united-states,"[""English"",""Russian"",""Other""]",7,White,,5,"[""ChatGPT"",""Claude""]",,never,[],,,"[1,4,1,1]","[1,1,1,7,3,4]","[7,5,5,4,5]",1,4,1,1,1,1,1,7,3,4,7,5,5,4,5
32a5ae89-ba4b-4fe7-8771-935b442e8ac0,b784e7ca-736e-44db-a3f3-2cd2f86c2d68,32,32.0,minority,normativeFirst,54,male,masters,Writer,2025-09-09 17:20:41.607797+00:00,united-kingdom,"[""English""]",7,White,,7,"[""ChatGPT""]",,never,"[""Role-divided chatbots (e.g., expert/novice)""]",,,"[4,6,5,5]","[6,7,7,6,7,7]","[3,3,1,2,2]",4,6,5,5,6,7,7,6,7,7,3,3,1,2,2
861d9386-6147-49b0-8c9d-47ccfc6b10ed,5083f919-a4ef-4433-af16-5489ead1ea4e,33,33.0,minorityDiffusion,informativeFirst,19,female,undergraduate,Student + tutor ,2025-09-09 17:20:12.792433+00:00,united-kingdom,"[""English""]",6,White,,5,"[""ChatGPT""]",,only-heard,"[""Emotional support multi-characters"",""Self-developed for research/production"",""Coding/Learning/Productivity assistants""]",,,"[4,6,6,5]","[6,6,6,5,5,6]","[6,6,5,6,6]",4,6,6,5,6,6,6,5,5,6,6,6,5,6,6
c5d42bfd-db9c-4dd4-a2bf-d19bbd6626a6,bb3bf185-23ab-460f-8e39-e7bcd54eb3f9,34,34.0,majority,normativeFirst,42,male,undergraduate,business analyst,2025-09-09 17:20:23.790300+00:00,united-states,"[""English""]",7,White,,5,"[""ChatGPT""]",,tried-briefly,"[""Role-divided chatbots (e.g., expert/novice)"",""Coding/Learning/Productivity assistants""]",,,"[5,3,4,3]","[5,5,5,6,4,5]","[6,6,6,6,6]",5,3,4,3,5,5,5,6,4,5,6,6,6,6,6
37775ca6-1e4f-4c99-980e-42d951f03d32,5d1b61d5-a2f2-44bd-a128-edf1f61bd715,35,35.0,minority,informativeFirst,56,female,masters,Landlord,2025-09-09 17:21:39.616731+00:00,united-kingdom,"[""English""]",7,White,,3,"[""Other""]",,never,[],,,"[2,4,2,1]","[6,6,6,6,5,6]","[6,5,4,5,3]",2,4,2,1,6,6,6,6,5,6,6,5,4,5,3
4058c50b-83df-4dd7-87ed-19ae7c97e1c5,aa5e0dc7-39c5-43aa-b82b-ef78f2b133c4,36,36.0,minorityDiffusion,normativeFirst,39,male,high-school-or-below,sales executive,2025-09-09 17:21:30.297344+00:00,united-kingdom,"[""English""]",7,White,,6,"[""ChatGPT""]",,never,[],,,"[3,6,4,2]","[1,1,1,1,2,2]","[5,5,2,4,6]",3,6,4,2,1,1,1,1,2,2,5,5,2,4,6
86c12efb-23d8-4ed0-954d-520ad46648a9,858e5a85-eb83-448d-a58c-c7974a70b99e,37,37.0,majority,informativeFirst,47,female,high-school-or-below,Manager/Freelancer,2025-09-09 17:25:43.146351+00:00,united-states,"[""English""]",7,Indigenous/Mixed,,6,"[""ChatGPT""]",,never,[],,,"[5,6,3,5]","[6,7,6,7,6,7]","[6,7,5,6,6]",5,6,3,5,6,7,6,7,6,7,6,7,5,6,6
8d8d808c-02d3-449c-86da-7d5d41728ca0,32539ad3-ad81-4f6f-8e57-de29a6edae93,38,38.0,minority,normativeFirst,55,male,undergraduate,Nurse,2025-09-09 17:27:13.559192+00:00,united-kingdom,"[""English"",""Other""]",6,Asian,,7,"[""ChatGPT"",""Gemini""]",,frequently-used,"[""Self-developed for research/production""]",,,"[4,5,5,5]","[6,5,5,5,5,5]","[6,6,6,6,6]",4,5,5,5,6,5,5,5,5,5,6,6,6,6,6
9593f27d-6359-4e60-9087-7fcb4ef7b212,50c64a07-874c-462f-9770-2562cd4f2890,39,39.0,minorityDiffusion,informativeFirst,28,female,masters,student,2025-09-09 17:22:07.618010+00:00,united-kingdom,"[""English"",""Chinese""]",6,Asian,,7,"[""ChatGPT"",""Claude""]",,tried-briefly,"[""Emotional support multi-characters"",""Coding/Learning/Productivity assistants"",""Self-developed for research/production""]",,,"[4,5,3,3]","[4,1,4,5,3,3]","[6,7,6,6,5]",4,5,3,3,4,1,4,5,3,3,6,7,6,6,5
d3409aa6-beec-493f-a2fb-bc293dfd0041,918d8839-cfa1-43d5-87d8-24f1600592b6,40,40.0,majority,normativeFirst,41,male,undergraduate,Legal Manager,2025-09-09 17:21:07.674864+00:00,united-kingdom,"[""English""]",7,White,,1,"[""None""]",,never,[],,,"[2,3,2,3]","[5,3,3,6,5,6]","[5,2,3,6,2]",2,3,2,3,5,3,3,6,5,6,5,2,3,6,2
a84d7678-f4f0-4f34-9c56-6a524a14704e,a070fecf-acb3-4d27-abe1-e6739b8537f3,41,41.0,minority,informativeFirst,41,female,high-school-or-below,admin assistant,2025-09-09 17:23:13.169386+00:00,united-kingdom,"[""English""]",7,White,,5,"[""ChatGPT""]",,never,[],,,"[4,5,4,4]","[4,4,5,4,5,5]","[4,5,4,4,4]",4,5,4,4,4,4,5,4,5,5,4,5,4,4,4
72d9fb1b-fa61-4bd3-9218-ceb334d4747f,76c4e229-7446-48aa-9461-ec0a87415b29,42,42.0,minorityDiffusion,normativeFirst,44,female,undergraduate,Consultant Manager,2025-09-09 17:21:09.751539+00:00,united-states,"[""English""]",7,White,,5,"[""ChatGPT"",""Gemini""]",,tried-briefly,"[""Role-divided chatbots (e.g., expert/novice)"",""Self-developed for research/production""]",,,"[4,5,5,4]","[5,6,6,7,6,6]","[5,5,6,5,5]",4,5,5,4,5,6,6,7,6,6,5,5,6,5,5
933ee455-60a4-4600-a737-d942b9bf6df7,0930edef-2039-45fa-bf45-2ae4dec11438,43,43.0,majority,informativeFirst,58,male,undergraduate,civil servant,2025-09-09 17:23:07.679319+00:00,united-kingdom,"[""English""]",7,Asian,,3,"[""ChatGPT"",""Gemini"",""Claude""]",,never,"[""Role-divided chatbots (e.g., expert/novice)"",""Self-developed for research/production""]",,,"[4,4,4,4]","[5,5,5,5,5,6]","[6,6,4,6,6]",4,4,4,4,5,5,5,5,5,6,6,6,4,6,6
d1c319b4-4fb3-41ef-b3fc-bc0e3cc67eca,d385aeea-2dd2-4f42-b57e-78a9b42f0382,44,44.0,minority,normativeFirst,54,female,high-school-or-below,Support Coordinator/Engagement Officer,2025-09-09 17:24:31.645991+00:00,united-kingdom,"[""English""]",7,White,,5,"[""ChatGPT""]",,never,[],,,"[4,5,4,4]","[3,2,3,2,4,5]","[5,5,4,4,5]",4,5,4,4,3,2,3,2,4,5,5,5,4,4,5
676a3123-e17a-4ca6-8ead-ba1e3382bf86,e7bee9a5-10ae-426c-8b08-27934b9281bb,45,45.0,minorityDiffusion,informativeFirst,45,male,high-school-or-below,Self-Employed,2025-09-09 17:36:28.254513+00:00,united-states,"[""English""]",7,White,,7,"[""ChatGPT"",""Grok""]",,only-heard,"[""Self-developed for research/production"",""Debate/Collaboration simulation agents""]",,Helped me write a short story in seconds.,"[2,5,3,3]","[4,3,4,3,3,5]","[7,7,6,7,7]",2,5,3,3,4,3,4,3,3,5,7,7,6,7,7
e86e9dc1-4e1f-4079-8265-3386bff04c8e,5390b6eb-1261-4376-8663-e7c71c700f28,46,46.0,majority,normativeFirst,35,male,undergraduate,Marketer,2025-09-09 17:20:42.504623+00:00,united-kingdom,"[""English""]",7,Indigenous/Mixed,,6,"[""ChatGPT"",""Grok"",""Gemini""]",,never,[],,,"[2,4,2,3]","[5,4,5,6,7,6]","[6,6,6,6,6]",2,4,2,3,5,4,5,6,7,6,6,6,6,6,6
2c6fe462-2bc9-41d0-8967-146a343d4f19,5cc0e14d-5fe2-4447-b4ca-5994e3e10831,47,47.0,minority,informativeFirst,50,female,undergraduate,Receptionist,2025-09-09 18:40:03.791192+00:00,united-kingdom,"[""English""]",7,White,,4,"[""ChatGPT""]",,frequently-used,"[""Self-developed for research/production""]",,,"[3,3,3,3]","[2,2,2,2,2,2]","[4,4,3,4,3]",3,3,3,3,2,2,2,2,2,2,4,4,3,4,3
ecd3bbe7-bf2b-4cff-8062-5a9f7dec88d9,586f1871-adb3-424f-b2e5-45545395dc93,48,48.0,minorityDiffusion,normativeFirst,29,female,undergraduate,Research Manager,2025-09-09 17:25:21.233146+00:00,united-kingdom,"[""English""]",7,Black/African,,4,"[""ChatGPT"",""Other""]",copilot,never,[],,,"[2,4,2,2]","[4,4,3,5,4,3]","[5,5,3,5,6]",2,4,2,2,4,4,3,5,4,3,5,5,3,5,6
9b5409a6-b08a-4967-a95c-7068b82ba919,69268d3f-39bc-4530-924b-d854ebbd35e4,49,49.0,majority,informativeFirst,63,female,undergraduate,Retired project manager,2025-09-09 17:23:46.409563+00:00,united-states,"[""English""]",7,White,,4,"[""ChatGPT"",""Gemini""]",,never,"[""Self-developed for research/production"",""Coding/Learning/Productivity assistants""]",,I had one write a poem that totally enchanted me.,"[5,6,5,5]","[6,6,6,7,6,6]","[3,3,2,1,2]",5,6,5,5,6,6,6,7,6,6,3,3,2,1,2
c992002c-5d83-4d82-b72b-6caae095c3b8,134c2569-bfe7-414e-86a0-d3b3f948f5e9,50,50.0,minority,normativeFirst,20,male,undergraduate,Software Developer Apprentice,2025-09-09 18:40:25.561674+00:00,united-kingdom,"[""English""]",7,Black/African,,7,"[""ChatGPT"",""Grok""]",,never,"[""Other""]",Nonw,,"[2,4,3,2]","[6,4,5,5,6,6]","[6,6,3,6,6]",2,4,3,2,6,4,5,5,6,6,6,6,3,6,6
87b83754-7767-4108-9085-c7df83368bc3,07d88852-7da1-4eaa-9413-468d15f8dc10,51,51.0,minorityDiffusion,informativeFirst,43,female,high-school-or-below,nurse,2025-09-09 17:26:12.031730+00:00,united-states,"[""English""]",7,Black/African,,3,"[""Gemini""]",,never,[],,,"[5,5,4,4]","[5,5,5,5,6,6]","[5,5,4,2,5]",5,5,4,4,5,5,5,5,6,6,5,5,4,2,5
f58550ea-cdf3-49a2-ae40-4e6da705e8eb,0ddcc4f5-84cf-4232-91c2-55d084eda6e9,52,52.0,majority,normativeFirst,26,female,undergraduate,Independent Contractor,2025-09-09 17:22:27.888939+00:00,united-states,"[""English"",""Other""]",6,Asian,,4,"[""ChatGPT""]",,never,"[""Other""]",None,,"[6,5,4,5]","[6,7,6,6,6,6]","[3,2,1,2,1]",6,5,4,5,6,7,6,6,6,6,3,2,1,2,1
f7fc8037-3eb4-4f57-960d-4aa2c8be7db5,bf38b76e-3b5d-4be2-8904-0f30398f1aca,53,53.0,minority,informativeFirst,29,female,masters,Data Scientist,2025-09-09 17:28:45.463273+00:00,united-kingdom,"[""English""]",7,Black/African,,7,"[""ChatGPT"",""Claude"",""Gemini""]",,never,"[""Other""]",,,"[6,6,4,4]","[6,4,4,4,6,6]","[5,6,5,5,5]",6,6,4,4,6,4,4,4,6,6,5,6,5,5,5
0fa249bd-481d-466a-b19e-1eb506e80af1,14bf7228-fadd-491c-8cc4-c74dd4c3fba6,54,54.0,minorityDiffusion,normativeFirst,37,female,undergraduate,Nurse,2025-09-09 17:31:12.060251+00:00,united-kingdom,"[""English"",""Other""]",7,Asian,,6,"[""ChatGPT"",""Gemini""]",,tried-briefly,"[""Self-developed for research/production"",""Role-divided chatbots (e.g., expert/novice)""]",,,"[5,6,4,4]","[6,6,5,5,6,6]","[6,6,6,6,5]",5,6,4,4,6,6,5,5,6,6,6,6,6,6,5
d9a21188-b01d-4853-a97a-69f3d9a3bb80,0970deef-da21-4b37-bddf-814b4a94c050,55,18.0,minorityDiffusion,normativeFirst,28,female,undergraduate,Teaching assistant ,2025-09-09 17:22:18.939870+00:00,united-kingdom,"[""English""]",7,White,,2,"[""ChatGPT""]",,never,[],,,"[2,6,3,4]","[3,4,4,3,3,4]","[3,3,4,2,3]",2,6,3,4,3,4,4,3,3,4,3,3,4,2,3
1a948ae7-6b42-4615-bf96-e540b1f055b5,75db1808-af29-4ad0-bee6-29558574533b,56,56.0,minority,normativeFirst,38,female,undergraduate,Teacher,2025-09-09 17:22:53.669089+00:00,united-kingdom,"[""English""]",7,White,,2,"[""ChatGPT""]",,never,[],,,"[5,6,5,5]","[1,2,2,2,1,1]","[4,5,2,2,3]",5,6,5,5,1,2,2,2,1,1,4,5,2,2,3
892f41dc-0d37-4c18-bbb7-0871d718ecc0,4f37c0a8-685a-4f8e-863c-f27a94a4236d,57,57.0,minorityDiffusion,informativeFirst,63,male,high-school-or-below,Senior Healthcare Assistant,2025-09-09 17:24:26.965821+00:00,united-kingdom,"[""English""]",7,White,,7,"[""ChatGPT"",""Gemini"",""Other""]",,never,[],,,"[4,4,3,3]","[4,5,5,5,5,6]","[5,4,4,5,4]",4,4,3,3,4,5,5,5,5,6,5,4,4,5,4
55beaf6e-6dff-4091-9d73-e1ad6c37d5a7,93ad0c45-b342-4f90-8198-b588bced4349,58,,majority,normativeFirst,33,female,masters,Marketing Coordinator ,2025-09-09 17:59:22.780696+00:00,united-states,"[""English""]",7,White,,3,"[""ChatGPT"",""Claude"",""Gemini""]",,tried-briefly,"[""Role-divided chatbots (e.g., expert/novice)""]",,It helped me when I lost my first boyfriend ,"[4,3,4,5]","[3,3,3,3,3,3]","[5,3,4,3,4]",4,3,4,5,3,3,3,3,3,3,5,3,4,3,4
1222c4e7-37a9-4374-bda8-413ab77ee50a,6ae81c9a-e082-4873-ae39-7c0f54a06c50,59,59.0,minority,informativeFirst,49,female,high-school-or-below,Unemployed,2025-09-09 17:23:24.412553+00:00,united-states,"[""English""]",7,White,,6,"[""ChatGPT""]",,never,[],,,"[3,6,4,4]","[6,5,6,6,7,7]","[7,7,7,7,7]",3,6,4,4,6,5,6,6,7,7,7,7,7,7,7
822284a5-023a-446d-8f09-133963ea2cd0,93c35761-c7dd-49aa-94f9-6420fc5f0b78,60,60.0,minorityDiffusion,normativeFirst,61,male,undergraduate,Photographer,2025-09-09 17:24:20.709764+00:00,united-kingdom,"[""English""]",7,White,,7,"[""ChatGPT""]",,never,"[""Role-divided chatbots (e.g., expert/novice)"",""Self-developed for research/production""]",,,"[3,5,3,3]","[4,4,4,4,4,4]","[7,7,7,7,7]",3,5,3,3,4,4,4,4,4,4,7,7,7,7,7
aebe824d-f2ff-47e7-8812-fc586518d3ce,5ee36000-9570-49d1-9020-94e47b4fc598,61,61.0,majority,informativeFirst,37,male,high-school-or-below,Unemployed,2025-09-09 17:22:36.326861+00:00,united-kingdom,"[""English""]",7,White,,3,"[""ChatGPT""]",,never,[],,,"[5,5,2,6]","[5,2,5,5,5,5]","[6,6,4,5,6]",5,5,2,6,5,2,5,5,5,5,6,6,4,5,6
7ad94eec-545c-473c-807e-e6b6d0b1e1b0,eae01319-0414-4f8b-b125-d4487bbeda7f,62,62.0,minority,normativeFirst,43,female,masters,Computer Engineer,2025-09-09 17:24:39.995522+00:00,united-states,"[""English""]",7,White,,2,"[""ChatGPT""]",,never,"[""Coding/Learning/Productivity assistants""]",,,"[5,6,5,5]","[6,6,7,7,7,7]","[5,5,3,5,4]",5,6,5,5,6,6,7,7,7,7,5,5,3,5,4
b6d45ef6-d5aa-445f-90ce-6a642dc5a1ff,1b52f199-6ea6-4a97-bcae-73fadd8581e3,63,63.0,minorityDiffusion,informativeFirst,67,female,undergraduate,Property Manager,2025-09-09 17:36:55.053946+00:00,united-states,"[""English""]",7,White,,5,"[""ChatGPT""]",,never,"[""Self-developed for research/production""]",,,"[5,6,4,5]","[5,3,4,6,3,3]","[5,5,5,6,3]",5,6,4,5,5,3,4,6,3,3,5,5,5,6,3
c3515ea0-2fcd-4745-b01e-92931d49a7d9,9d180490-c5b0-4d42-839f-a978a6afa540,64,64.0,majority,normativeFirst,39,female,high-school-or-below,unemployed,2025-09-09 17:29:31.678925+00:00,united-kingdom,"[""English""]",7,White,,7,"[""ChatGPT"",""Gemini""]",,never,"[""Role-divided chatbots (e.g., expert/novice)"",""Coding/Learning/Productivity assistants""]",,,"[1,4,3,4]","[2,6,4,4,5,6]","[7,7,7,7,7]",1,4,3,4,2,6,4,4,5,6,7,7,7,7,7
a38af2fd-faae-4328-9f1f-9d573ffd074e,e1941179-3705-4639-b6ce-ec82c3a00c66,65,65.0,minority,informativeFirst,49,male,high-school-or-below,Data Processor,2025-09-09 17:30:17.329462+00:00,united-states,"[""English""]",7,White,,4,"[""ChatGPT"",""Claude"",""Gemini""]",,tried-briefly,"[""Other""]",Comparisons for developers,,"[4,4,3,4]","[7,6,6,5,6,7]","[4,4,3,4,1]",4,4,3,4,7,6,6,5,6,7,4,4,3,4,1
1fc4d9bd-666c-4353-bf5a-2b0b94f465b7,dcd1ed62-d5a6-4302-a597-724e85fa3a91,66,66.0,minorityDiffusion,normativeFirst,29,male,undergraduate,Financial Analyst,2025-09-09 17:24:46.545014+00:00,united-states,"[""English""]",7,White,,5,"[""ChatGPT"",""Other""]",Copilot,tried-briefly,"[""Debate/Collaboration simulation agents"",""Coding/Learning/Productivity assistants""]",,,"[5,5,4,4]","[6,6,6,6,6,6]","[6,6,6,6,5]",5,5,4,4,6,6,6,6,6,6,6,6,6,6,5
0b9e4824-79c3-46b1-a211-35fa1ed68777,9d0abbe5-a06d-4ded-ad7b-5ee1139b84c9,67,67.0,majority,informativeFirst,27,female,high-school-or-below,homemaker/sales,2025-09-09 17:28:28.068403+00:00,united-states,"[""English""]",7,Indigenous/Mixed,,6,"[""ChatGPT"",""Gemini"",""Claude"",""Grok""]",,never,[],,,"[5,4,2,3]","[7,3,6,7,7,7]","[7,7,6,5,6]",5,4,2,3,7,3,6,7,7,7,7,7,6,5,6
f5c40982-4322-4829-a8c2-24f42f7b38d8,7bbeecf7-33a6-4f95-b1f7-1b17b79f0b72,68,68.0,minority,normativeFirst,40,male,undergraduate,Hospitality,2025-09-09 17:23:52.382751+00:00,united-states,"[""English""]",7,Black/African,,5,"[""ChatGPT""]",,never,"[""Emotional support multi-characters""]",,,"[4,4,3,3]","[4,6,4,4,5,7]","[7,7,5,5,4]",4,4,3,3,4,6,4,4,5,7,7,7,5,5,4
40f13b42-0cb0-4c9a-b73c-80d10d4cf25e,a06d8bf2-816c-48a8-b4fe-03c79b290a30,69,69.0,minorityDiffusion,informativeFirst,46,female,high-school-or-below,housewife,2025-09-09 17:24:49.263945+00:00,united-states,"[""English""]",7,White,,6,"[""Grok"",""ChatGPT""]",,only-heard,"[""Self-developed for research/production""]",,,"[5,6,6,5]","[3,3,2,3,1,2]","[5,6,5,5,6]",5,6,6,5,3,3,2,3,1,2,5,6,5,5,6
0866215c-9dea-47df-96eb-4ec01948ee44,ab008076-6538-4925-beb0-9c2ac8259d81,70,70.0,majority,normativeFirst,35,female,undergraduate,Stay at home parent ,2025-09-09 17:25:56.399041+00:00,united-kingdom,"[""English""]",7,White,,3,"[""ChatGPT"",""Gemini""]",,never,[],,,"[3,5,4,4]","[2,4,3,3,3,4]","[5,5,2,3,6]",3,5,4,4,2,4,3,3,3,4,5,5,2,3,6
87ec9abf-10c6-49ab-955e-0d609ba5b913,9b21942f-17c3-4406-b78e-79d5b9a591bf,71,71.0,minority,informativeFirst,50,female,undergraduate,Project Manager,2025-09-09 17:54:25.015897+00:00,united-kingdom,"[""English""]",7,White,,4,"[""ChatGPT"",""Gemini""]",,never,[],,,"[5,5,4,4]","[5,5,5,6,5,5]","[6,6,6,6,6]",5,5,4,4,5,5,5,6,5,5,6,6,6,6,6
8e18ab83-8f19-4e0b-a7f7-0c8fa3f57132,09fb713b-901d-462f-84e3-212c0d1fec01,72,72.0,minorityDiffusion,normativeFirst,47,male,masters,Pharmacist,2025-09-09 17:34:27.979627+00:00,united-kingdom,"[""English""]",7,Black/African,,7,"[""ChatGPT"",""Gemini""]",,frequently-used,"[""Debate/Collaboration simulation agents""]",,,"[5,5,3,3]","[7,7,7,7,7,7]","[7,7,7,7,7]",5,5,3,3,7,7,7,7,7,7,7,7,7,7,7
8f4b658d-0490-49c3-a706-e7d25cb5ab4c,1956d093-8877-452f-b605-d6975cedbfa9,73,73.0,majority,informativeFirst,30,male,undergraduate,hands-on and technical in nature.,2025-09-09 17:31:10.654427+00:00,united-states,"[""English""]",7,Black/African,,7,"[""Gemini"",""ChatGPT""]",,tried-briefly,"[""Role-divided chatbots (e.g., expert/novice)"",""Debate/Collaboration simulation agents"",""Self-developed for research/production"",""Emotional support multi-characters""]",,,"[6,5,6,5]","[6,7,6,5,6,5]","[6,7,6,6,6]",6,5,6,5,6,7,6,5,6,5,6,7,6,6,6
529e5e93-6501-4ee2-8b4c-030e9442db25,e9735720-d13d-47c9-99f1-be9ec8418a61,74,74.0,minority,normativeFirst,35,male,high-school-or-below,construction admin,2025-09-09 17:25:41.026361+00:00,united-kingdom,"[""English""]",7,White,,6,"[""ChatGPT""]",,never,[],,,"[4,6,4,4]","[2,2,3,5,3,3]","[7,7,7,7,6]",4,6,4,4,2,2,3,5,3,3,7,7,7,7,6
b651703f-b454-43d3-891e-22ec711e3135,00f48994-a285-4631-9696-edbecccdbd14,75,75.0,minorityDiffusion,informativeFirst,56,female,high-school-or-below,education mid day supervisor,2025-09-09 17:25:27.870361+00:00,united-kingdom,"[""English""]",7,White,,6,"[""ChatGPT""]",,never,[],,,"[6,5,6,6]","[4,3,3,3,3,3]","[6,6,5,6,6]",6,5,6,6,4,3,3,3,3,3,6,6,5,6,6
4564ad47-9775-4b10-bc45-9378ea46472e,cd24dfc7-ab58-4701-8060-636ce24d286e,76,76.0,majority,normativeFirst,59,female,undergraduate,Artisan,2025-09-09 17:25:09.167773+00:00,united-kingdom,"[""English""]",7,White,,1,"[""None""]",,never,[],,,"[1,4,2,2]","[5,7,5,4,6,6]","[2,1,1,1,4]",1,4,2,2,5,7,5,4,6,6,2,1,1,1,4
32a0984c-7efd-4f7f-96db-cdbd0ff76b67,889464d6-cce9-4e14-8ceb-032f3a0abf0c,77,77.0,minority,informativeFirst,49,female,high-school-or-below,Retail,2025-09-09 17:29:01.342928+00:00,united-states,"[""English""]",7,White,,3,"[""ChatGPT"",""Gemini""]",,never,[],,,"[1,6,1,1]","[6,6,6,5,5,6]","[7,6,5,7,6]",1,6,1,1,6,6,6,5,5,6,7,6,5,7,6
2c359f31-7b16-41a3-9472-c5693b93fcb1,f648a570-513c-4482-9932-71c78717586c,78,78.0,minorityDiffusion,normativeFirst,33,male,undergraduate,Agriculture,2025-09-09 17:32:23.054302+00:00,united-states,"[""English""]",7,Hispanic/Latinx,,4,"[""ChatGPT""]",,never,"[""Self-developed for research/production""]",,,"[6,6,4,3]","[4,6,5,5,7,5]","[7,7,5,6,6]",6,6,4,3,4,6,5,5,7,5,7,7,5,6,6
e04f1764-df61-4ffa-84e3-ffc1d06ada8d,6e51d200-d884-4119-8396-68494a7ddf3f,79,79.0,majority,informativeFirst,51,female,high-school-or-below,custodian,2025-09-09 17:27:09.734721+00:00,united-states,"[""English""]",7,White,,7,"[""ChatGPT"",""Claude"",""Gemini""]",,tried-briefly,"[""Emotional support multi-characters""]",,,"[2,4,2,3]","[5,7,7,7,7,7]","[7,7,7,5,7]",2,4,2,3,5,7,7,7,7,7,7,7,7,5,7
344c9f28-ba4d-44d8-880f-629edce88808,77c2f6c1-59bb-4529-b4bd-95947c8939bb,80,80.0,minority,normativeFirst,57,male,undergraduate,Retired,2025-09-09 17:25:51.176339+00:00,united-states,"[""English""]",7,White,,2,"[""Other""]",iask,never,[],,,"[3,4,4,3]","[5,5,5,4,4,5]","[2,2,1,1,1]",3,4,4,3,5,5,5,4,4,5,2,2,1,1,1
b3282ed4-2864-4a35-92c9-f67b370852bb,e817f2b7-c7dd-4cff-9367-138be05feaaf,81,81.0,minorityDiffusion,informativeFirst,35,male,undergraduate,IT Manager,2025-09-09 17:27:20.439346+00:00,united-kingdom,"[""English""]",7,White,,3,"[""ChatGPT""]",,never,[],,,"[2,4,2,2]","[4,4,3,4,5,5]","[4,4,4,3,3]",2,4,2,2,4,4,3,4,5,5,4,4,4,3,3
21e5299f-3dc4-4de7-9da0-5c4ec668d664,b532a2a0-cb98-42dc-b522-088859f7b0c5,82,82.0,majority,normativeFirst,52,female,undergraduate,Co Sec,2025-09-09 17:26:35.600301+00:00,united-kingdom,"[""English""]",7,White,,5,"[""ChatGPT"",""Gemini""]",,frequently-used,"[""Role-divided chatbots (e.g., expert/novice)""]",,,"[6,6,6,6]","[3,3,3,3,4,3]","[5,5,4,4,5]",6,6,6,6,3,3,3,3,4,3,5,5,4,4,5
bd01aeb0-2c2f-4dd3-89ff-19e38e18dd33,206652aa-efa6-46bb-8a66-bc2718a52ce6,83,83.0,minority,informativeFirst,57,male,undergraduate,Self Employed,2025-09-09 18:02:51.827445+00:00,united-states,"[""English""]",7,Indigenous/Mixed,,6,"[""ChatGPT"",""Grok""]",,never,[],,,"[4,5,4,4]","[5,4,5,5,5,5]","[6,5,4,6,4]",4,5,4,4,5,4,5,5,5,5,6,5,4,6,4
7c824181-4b93-40b5-98c8-0d1f64431afa,c5c5f9a8-56b2-47cb-ba19-8c86e4b86f3b,84,84.0,minorityDiffusion,normativeFirst,26,male,high-school-or-below,Communications manager,2025-09-09 17:27:54.000022+00:00,united-kingdom,"[""English""]",7,White,,7,"[""ChatGPT"",""Gemini""]",,never,[],,,"[2,1,3,1]","[6,7,7,7,7,7]","[7,7,7,6,5]",2,1,3,1,6,7,7,7,7,7,7,7,7,6,5
d8528a3f-e2b7-4415-b4db-cd64730c584a,5113d9f7-3fef-4ec8-8a2d-d3d2eb771a9e,85,85.0,majority,informativeFirst,47,female,high-school-or-below,Homemaker,2025-09-09 17:27:35.687935+00:00,united-kingdom,"[""English""]",7,White,,5,"[""ChatGPT"",""Claude""]",,never,[],,,"[4,3,3,3]","[5,4,6,5,5,6]","[7,6,6,6,4]",4,3,3,3,5,4,6,5,5,6,7,6,6,6,4
d8cf0f90-b2e7-4247-8a52-5eec17622fca,dc4e73f1-4cf5-47ea-a5b9-d58eaaf436e3,86,86.0,minority,normativeFirst,69,female,undergraduate,copywriter,2025-09-09 17:27:38.130571+00:00,united-kingdom,"[""English""]",7,White,,5,"[""ChatGPT"",""Claude""]",,never,[],,,"[5,4,4,4]","[6,6,6,6,6,6]","[5,6,5,6,6]",5,4,4,4,6,6,6,6,6,6,5,6,5,6,6
ce4c2701-d71e-4589-912c-9519d640e093,09b9e45a-2dad-4776-8f63-9a5ff5189f5f,87,87.0,minorityDiffusion,informativeFirst,34,female,undergraduate,Events manager,2025-09-09 17:30:55.205310+00:00,united-kingdom,"[""English"",""Other""]",6,White,,7,"[""ChatGPT"",""Other""]",Copilot,never,[],,,"[6,6,4,4]","[7,2,7,7,7,7]","[7,7,7,7,7]",6,6,4,4,7,2,7,7,7,7,7,7,7,7,7
c0c16cf7-88b0-4af5-a3ff-171f0a1d3f87,43767e66-41d2-4d39-ab15-55bb730cb0ed,88,88.0,majority,normativeFirst,46,male,undergraduate,Head of ICT Depatrment,2025-09-09 17:29:06.698123+00:00,united-kingdom,"[""English""]",7,White,,6,"[""ChatGPT"",""Grok"",""Gemini""]",,frequently-used,"[""Debate/Collaboration simulation agents"",""Self-developed for research/production"",""Emotional support multi-characters"",""Role-divided chatbots (e.g., expert/novice)""]",,,"[6,5,5,5]","[6,6,6,6,7,6]","[7,7,7,6,6]",6,5,5,5,6,6,6,6,7,6,7,7,7,6,6
5d85db0e-0ceb-43bc-8c40-9bf733b4ffa1,ae1e82c8-04e8-4d42-9f19-a2f3c1e789df,89,89.0,minority,informativeFirst,28,female,high-school-or-below,DoorDash Driver,2025-09-09 17:30:28.458366+00:00,united-states,"[""English""]",7,White,,1,"[""None""]",,never,[],,,"[4,5,4,4]","[5,7,5,4,7,7]","[1,1,1,2,1]",4,5,4,4,5,7,5,4,7,7,1,1,1,2,1
2bdb99c6-0182-47f8-ace0-a01704ff8327,cda01786-9a32-4292-8f0d-2b2717a685d4,90,90.0,minorityDiffusion,normativeFirst,54,female,undergraduate,Designer,2025-09-09 17:31:57.042293+00:00,united-states,"[""English""]",7,White,,7,"[""ChatGPT"",""Gemini""]",,never,[],,,"[7,4,4,4]","[7,7,7,7,7,7]","[7,7,7,7,5]",7,4,4,4,7,7,7,7,7,7,7,7,7,7,5
ed88d82d-2bf7-4456-8dc9-9a89797d3caa,7828fa6e-2064-4d65-a533-7b743e1b3430,91,91.0,majority,informativeFirst,44,male,undergraduate,security,2025-09-09 17:29:49.362650+00:00,united-states,"[""English"",""Spanish""]",7,White,,4,"[""ChatGPT"",""Grok""]",,never,"[""Other""]",image generation,,"[3,5,3,4]","[5,5,5,5,5,5]","[5,4,4,4,3]",3,5,3,4,5,5,5,5,5,5,5,4,4,4,3
ece652b6-00dd-4463-96b2-8f827a40ad98,929a3771-f5d2-4878-8a0f-a54e9ddd35f3,92,92.0,minority,normativeFirst,62,female,undergraduate,retired,2025-09-09 17:30:48.023424+00:00,united-kingdom,"[""English""]",7,White,,4,"[""ChatGPT""]",,never,[],,,"[3,3,3,3]","[6,5,5,5,3,4]","[3,3,1,3,2]",3,3,3,3,6,5,5,5,3,4,3,3,1,3,2
8e3939a1-9422-46ad-b1f1-f37242b38e16,9a87156c-e259-4496-8112-91c616f9a63e,93,93.0,minorityDiffusion,informativeFirst,47,male,high-school-or-below,Unemployed,2025-09-09 17:53:13.997889+00:00,united-states,"[""English""]",7,Black/African,,4,"[""ChatGPT"",""Gemini"",""Claude""]",,never,[],,,"[3,4,3,3]","[6,6,6,6,7,6]","[6,5,5,5,4]",3,4,3,3,6,6,6,6,7,6,6,5,5,5,4
6f21ad5a-6d69-4ce1-a024-a887db1c7c2c,520fac17-1bfc-4435-90f5-9cde743aeceb,94,94.0,majority,normativeFirst,37,female,undergraduate,Executive assistant,2025-09-09 17:36:26.868053+00:00,united-kingdom,"[""English""]",7,Black/African,,2,[],,never,[],,,"[4,5,4,4]","[6,6,5,5,5,5]","[4,3,2,4,3]",4,5,4,4,6,6,5,5,5,5,4,3,2,4,3
9dd02332-d2a8-4677-a0e0-d941f0c64543,5270e09f-e86d-46cf-86b5-ebe8ddf36c6d,95,95.0,minority,informativeFirst,27,non-binary,undergraduate,Exam Proctor,2025-09-09 17:30:19.423573+00:00,united-states,"[""English""]",7,White,,1,"[""None""]",,never,[],,,"[4,4,4,4]","[5,5,5,5,5,5]","[1,1,1,1,1]",4,4,4,4,5,5,5,5,5,5,1,1,1,1,1
b2104b5d-e016-41c1-a2b1-b0bc71e726f7,a0bf9560-92d1-4cb1-8248-b2152eebb996,96,96.0,minorityDiffusion,normativeFirst,37,female,undergraduate,travel agent,2025-09-09 17:35:35.788282+00:00,united-kingdom,"[""English"",""Chinese""]",7,Indigenous/Mixed,,6,"[""ChatGPT""]",,never,"[""Role-divided chatbots (e.g., expert/novice)"",""Self-developed for research/production"",""Coding/Learning/Productivity assistants"",""Emotional support multi-characters""]",,,"[4,5,4,4]","[3,3,3,2,3,4]","[6,7,5,5,5]",4,5,4,4,3,3,3,2,3,4,6,7,5,5,5
f7dad98b-9baf-4183-a2b8-463b3120b191,ae947f61-8ce5-456c-9663-5e29f5248f4b,97,97.0,majority,informativeFirst,58,female,high-school-or-below,Community Care Supervisor,2025-09-09 17:31:07.552353+00:00,united-kingdom,"[""English""]",7,White,,2,"[""ChatGPT"",""Gemini""]",,never,[],,,"[3,3,2,1]","[3,5,5,3,4,4]","[5,2,4,6,3]",3,3,2,1,3,5,5,3,4,4,5,2,4,6,3
fb158bfd-10c5-469e-93a3-2f6d952d6b7d,b8fcffcb-d710-49d0-9416-bcdbb05a9fb3,98,98.0,minority,normativeFirst,29,female,masters,Accountant,2025-09-09 17:35:21.190270+00:00,united-states,"[""English""]",7,White,,7,"[""ChatGPT"",""Grok"",""Gemini""]",,tried-briefly,"[""Role-divided chatbots (e.g., expert/novice)""]",,,"[6,6,3,2]","[6,6,6,6,7,6]","[7,7,6,7,7]",6,6,3,2,6,6,6,6,7,6,7,7,6,7,7
600cdbd9-2c6e-4e67-90f5-6ab3982c71c3,15a24730-cdbc-4c30-ba5c-a2bb3c8683aa,99,99.0,minorityDiffusion,informativeFirst,41,female,undergraduate,Manager,2025-09-09 17:31:57.749325+00:00,united-kingdom,"[""English""]",7,White,,7,"[""ChatGPT""]",,never,"[""Role-divided chatbots (e.g., expert/novice)""]",,,"[5,6,4,5]","[6,7,6,6,6,7]","[7,7,7,7,7]",5,6,4,5,6,7,6,6,6,7,7,7,7,7,7
6ae838c1-8f8b-489d-8948-5ff7adbf41e6,4d1cd95f-4f3f-40ae-ab18-7f0171c8d7f7,100,100.0,majority,normativeFirst,34,female,undergraduate,Health Care Professional,2025-09-09 17:38:50.811657+00:00,united-kingdom,"[""English""]",7,White,,5,"[""ChatGPT""]",,never,"[""Self-developed for research/production""]",,,"[4,6,4,4]","[4,4,4,3,4,4]","[7,7,7,7,4]",4,6,4,4,4,4,4,3,4,4,7,7,7,7,4
e15d148f-6f6a-4129-af94-ad228d28a900,95561580-6b5f-4a9c-af7c-d2d85aa29a14,101,101.0,minority,informativeFirst,42,female,undergraduate,homemaker,2025-09-09 17:33:15.221776+00:00,united-states,"[""English""]",7,White,,4,"[""ChatGPT"",""Gemini""]",,never,"[""Role-divided chatbots (e.g., expert/novice)"",""Emotional support multi-characters"",""Coding/Learning/Productivity assistants""]",,,"[5,6,3,2]","[4,5,3,5,4,5]","[3,3,2,2,4]",5,6,3,2,4,5,3,5,4,5,3,3,2,2,4
dcf72aba-ce45-44e1-b3f3-ab58e3a265b4,329bdee7-2437-4ed2-b7e8-132722cccc01,102,102.0,minorityDiffusion,normativeFirst,35,male,undergraduate,Project Manager,2025-09-09 17:31:57.807656+00:00,united-kingdom,"[""English""]",7,White,,5,"[""ChatGPT"",""Gemini"",""Other""]",Co-Pilot,never,[],,,"[5,6,6,5]","[6,5,5,5,4,6]","[5,6,6,6,5]",5,6,6,5,6,5,5,5,4,6,5,6,6,6,5
95c3f787-11da-4f44-8eb6-3c955e1c7cde,493833b0-279f-4de0-98ef-75ccbb764aac,103,103.0,majority,informativeFirst,52,female,undergraduate,agriculture,2025-09-09 17:32:43.873179+00:00,united-kingdom,"[""English""]",7,White,,4,"[""Other""]",the ones being trained on prolific,never,[],,,"[2,3,2,2]","[3,6,3,4,5,5]","[4,2,1,1,1]",2,3,2,2,3,6,3,4,5,5,4,2,1,1,1
d91142c5-e81d-465c-9b6a-c4a8054f9204,cac93c83-183d-4a39-91da-6e4e735430b2,104,104.0,minority,normativeFirst,66,male,high-school-or-below,retired,2025-09-09 17:36:01.460114+00:00,united-kingdom,"[""English""]",7,White,,6,"[""ChatGPT""]",,never,"[""Debate/Collaboration simulation agents""]",,All the times i have been involved with the systems have been interesting and enjoyable,"[5,6,5,5]","[6,5,5,5,4,4]","[6,4,2,6,5]",5,6,5,5,6,5,5,5,4,4,6,4,2,6,5
76902035-55bd-46c6-8bd2-b376f43b53d1,2e812134-90ba-44e2-b10e-f135b5c6ddd5,105,105.0,minorityDiffusion,informativeFirst,53,male,high-school-or-below,Surveyor,2025-09-09 17:37:05.957182+00:00,united-kingdom,"[""English""]",7,White,,6,"[""ChatGPT"",""Gemini""]",,only-heard,[],,,"[3,4,4,4]","[5,5,5,4,5,5]","[7,7,7,7,5]",3,4,4,4,5,5,5,4,5,5,7,7,7,7,5
2ca0ef5f-9a33-42ea-8f49-825cf55dd75c,bcc249fd-32ed-4e01-86bf-c028c2287a74,106,106.0,majority,normativeFirst,35,female,doctorate,Administrator,2025-09-09 17:49:23.180396+00:00,united-kingdom,"[""English""]",7,White,,4,"[""ChatGPT"",""Claude"",""Gemini""]",,tried-briefly,"[""Coding/Learning/Productivity assistants"",""Emotional support multi-characters""]",,,"[1,5,4,2]","[5,6,5,5,7,6]","[6,5,4,3,3]",1,5,4,2,5,6,5,5,7,6,6,5,4,3,3
34539d0b-450f-4f39-bb86-51090fdedec9,659ac0e4-10df-4693-aaad-d97429810408,107,107.0,minority,informativeFirst,28,male,high-school-or-below,Construction Worker,2025-09-09 17:48:40.434673+00:00,united-kingdom,"[""English""]",7,Other,Black Caribbean and white ,7,"[""ChatGPT"",""Gemini"",""Grok""]",,only-heard,"[""Role-divided chatbots (e.g., expert/novice)""]",,,"[4,5,5,3]","[5,4,4,4,5,4]","[7,7,7,7,4]",4,5,5,3,5,4,4,4,5,4,7,7,7,7,4
3519e940-ffda-4d40-bb7e-ae804ba35a17,4ecb8388-2338-4007-81be-d00054e8c430,108,108.0,minorityDiffusion,normativeFirst,45,male,high-school-or-below,Assembly Team Lead - Manufacturing,2025-09-09 17:37:28.656609+00:00,united-states,"[""English""]",7,White,,7,"[""ChatGPT"",""Gemini"",""Other""]",Meta,tried-briefly,"[""Debate/Collaboration simulation agents""]",,,"[5,6,5,4]","[5,5,5,6,5,6]","[7,7,6,6,6]",5,6,5,4,5,5,5,6,5,6,7,7,6,6,6
bd3f9563-59b2-4acb-b68e-f9d02742b966,1e1d464b-26ac-4535-bf85-ff1dd0a686b4,109,109.0,majority,informativeFirst,52,male,undergraduate,Computer Technician,2025-09-09 17:37:18.434251+00:00,united-states,"[""English""]",7,White,,4,"[""ChatGPT"",""Other""]",CoPilot,never,[],,,"[4,5,4,3]","[6,5,6,7,6,5]","[6,6,7,7,5]",4,5,4,3,6,5,6,7,6,5,6,6,7,7,5
875aace9-bd3f-48df-8ddb-5a0d0b9fe2c0,97c14ba1-c814-4934-bf1d-21ff0650257e,110,110.0,minority,normativeFirst,25,female,undergraduate,Property Manager,2025-09-09 17:36:34.593703+00:00,united-kingdom,"[""English""]",7,White,,7,"[""ChatGPT""]",,only-heard,"[""Role-divided chatbots (e.g., expert/novice)""]",,,"[5,6,6,5]","[5,4,5,3,4,3]","[6,7,4,5,4]",5,6,6,5,5,4,5,3,4,3,6,7,4,5,4
eebbf6a1-a3f9-4285-9820-3fbcf70fae8d,4225fb9a-e135-4365-b761-b672e40539e1,111,111.0,minorityDiffusion,informativeFirst,28,male,undergraduate,Patient Services Re,2025-09-09 17:37:22.653524+00:00,united-states,"[""English""]",7,Black/African,,3,"[""ChatGPT"",""Gemini""]",,never,[],,,"[5,6,4,5]","[6,7,5,5,3,5]","[3,1,1,1,2]",5,6,4,5,6,7,5,5,3,5,3,1,1,1,2
96398b4d-1556-4ee1-851a-76f2969b531a,12977f58-b35a-48bb-ba9b-643cc0379c18,112,112.0,majority,normativeFirst,28,female,undergraduate,Techinical Officer Agric Firm,2025-09-09 18:05:03.031501+00:00,united-states,"[""English""]",7,White,,4,"[""ChatGPT""]",,only-heard,"[""Role-divided chatbots (e.g., expert/novice)"",""Emotional support multi-characters""]",,"A friend told me its leaves a lasting impression, often due to its uniqueness, emotional impact or significance.","[5,5,5,5]","[4,5,5,4,5,3]","[5,4,5,6,4]",5,5,5,5,4,5,5,4,5,3,5,4,5,6,4
1221e0b5-b6a8-4a26-ae79-e7010ee50b53,8f9ebfca-c50d-4ed1-8314-27f04276794e,113,113.0,minority,informativeFirst,52,female,undergraduate,Assistant Teacher,2025-09-09 18:52:27.871107+00:00,united-kingdom,"[""English""]",7,White,,4,"[""ChatGPT""]",,never,"[""Self-developed for research/production""]",,,"[5,5,5,5]","[5,5,5,4,4,4]","[5,5,4,5,4]",5,5,5,5,5,5,5,4,4,4,5,5,4,5,4
6f125de1-726e-460f-9486-61f9819314f7,95f30d93-4281-4988-8ba2-840acccee258,114,114.0,minorityDiffusion,normativeFirst,36,female,undergraduate,small business owner,2025-09-09 18:02:25.185151+00:00,united-states,"[""English""]",7,White,,3,"[""ChatGPT""]",,never,[],,,"[4,5,3,4]","[5,5,5,6,6,6]","[6,5,4,4,4]",4,5,3,4,5,5,5,6,6,6,6,5,4,4,4
d69c2ada-5389-4905-b478-b28e5908b4ea,7c8f6bfd-5a39-49ef-83db-d5f330f9b53d,115,115.0,majority,informativeFirst,30,female,masters,Project Engineer,2025-09-09 17:38:30.182331+00:00,united-kingdom,"[""English""]",7,White,,5,"[""ChatGPT""]",,never,"[""Role-divided chatbots (e.g., expert/novice)""]",,,"[4,6,5,4]","[4,5,5,5,6,5]","[5,4,5,5,4]",4,6,5,4,4,5,5,5,6,5,5,4,5,5,4
ec74b599-23d3-4b01-b790-a80f0d34a80b,b113d736-45f2-4708-8d0b-4ab534334126,116,116.0,minority,normativeFirst,55,male,high-school-or-below,builder,2025-09-09 17:41:30.988488+00:00,united-kingdom,"[""English""]",7,White,,4,"[""ChatGPT"",""Gemini""]",,never,"[""Role-divided chatbots (e.g., expert/novice)""]",,,"[2,1,1,1]","[4,3,4,4,5,5]","[4,4,3,4,4]",2,1,1,1,4,3,4,4,5,5,4,4,3,4,4
c4c8ff98-d959-4271-9bd1-ef865e3de786,492d89b6-d366-43d8-b3e3-3d3776f18f09,117,117.0,minorityDiffusion,informativeFirst,53,male,high-school-or-below,Retired,2025-09-09 17:40:08.119296+00:00,united-kingdom,"[""English""]",7,White,,1,[],,never,[],,,"[5,6,4,4]","[5,3,5,6,6,6]","[2,1,1,1,1]",5,6,4,4,5,3,5,6,6,6,2,1,1,1,1
b968afb7-6183-46af-b4f3-b0069daaa64e,bcfa8ed7-049b-41a3-8758-cab44eb85c7e,118,118.0,majority,normativeFirst,39,male,high-school-or-below,Sales Manager,2025-09-09 17:43:47.089162+00:00,united-states,"[""English""]",7,Black/African,,4,"[""ChatGPT""]",,never,"[""Other""]",None,,"[2,4,4,2]","[6,7,6,6,7,7]","[4,4,3,3,4]",2,4,4,2,6,7,6,6,7,7,4,4,3,3,4
74e6f60e-1b1c-4b55-b33e-0df64527e075,c1160f10-3fe4-45c8-bedb-256f1b56060e,119,119.0,minority,informativeFirst,43,female,undergraduate,Teacher,2025-09-09 17:53:22.763835+00:00,united-kingdom,"[""English""]",7,White,,7,"[""ChatGPT""]",,tried-briefly,"[""Self-developed for research/production""]",,It was simply a research experiment through prolific ,"[6,6,4,5]","[3,4,4,5,4,4]","[6,7,7,6,6]",6,6,4,5,3,4,4,5,4,4,6,7,7,6,6
e92cb32e-da40-419a-bff2-eb76c506f643,38598dd5-4b64-46e0-8bda-c1a3766ec74d,120,120.0,minorityDiffusion,normativeFirst,50,male,undergraduate,Senior Engineering Manager,2025-09-09 17:51:01.201105+00:00,united-kingdom,"[""English""]",7,White,,6,"[""Grok"",""ChatGPT"",""Other""]",CoPilot,tried-briefly,"[""Coding/Learning/Productivity assistants""]",,I frequently find errors when seeking answers to more technical questions.,"[3,3,2,2]","[6,6,6,6,6,6]","[5,6,4,4,3]",3,3,2,2,6,6,6,6,6,6,5,6,4,4,3
c9e92c0f-d16a-4042-b035-fd249618d0f8,c1490d5a-63eb-43c8-8b70-aac901fc51d7,121,57.0,minorityDiffusion,informativeFirst,47,female,undergraduate,Manager,2025-09-09 17:54:12.364775+00:00,united-states,"[""English""]",7,Black/African,,3,"[""ChatGPT"",""Other""]",Copiliot,never,"[""Emotional support multi-characters"",""Self-developed for research/production""]",,,"[4,3,2,3]","[4,4,3,5,6,5]","[6,5,4,4,3]",4,3,2,3,4,4,3,5,6,5,6,5,4,4,3
b20b8af1-fd8b-4e7e-b3b6-c33798d9f0a0,c73badf7-3e8c-4394-bebd-062f9d8e2c65,122,103.0,majority,informativeFirst,42,female,masters,Data Analyst,2025-09-09 17:54:44.051175+00:00,united-kingdom,"[""English""]",7,White,,6,"[""ChatGPT"",""Grok"",""Claude"",""Gemini""]",,never,"[""Coding/Learning/Productivity assistants"",""Self-developed for research/production""]",,,"[6,7,5,4]","[6,6,6,6,6,5]","[7,7,7,7,5]",6,7,5,4,6,6,6,6,6,5,7,7,7,7,5
381e0430-e283-4ff1-9f19-a16a805eb31f,fcc2cd74-0d9d-4548-bfb0-15d9b696452e,123,58.0,majority,normativeFirst,30,male,undergraduate,support staff,2025-09-09 17:55:46.398455+00:00,united-kingdom,"[""English""]",7,Prefer not to answer,,6,"[""ChatGPT"",""Grok""]",,never,"[""Self-developed for research/production""]",,,"[7,6,6,7]","[5,4,6,6,7,6]","[7,6,7,7,6]",7,6,6,7,5,4,6,6,7,6,7,6,7,7,6
e2e1c131-b8fb-421a-880e-43a498dcd575,6d1797b0-a111-47d7-be49-735a3794db00,124,92.0,minority,normativeFirst,53,male,undergraduate,rare wine consultant,2025-09-09 17:55:14.129595+00:00,united-states,"[""English""]",7,White,,2,"[""ChatGPT"",""Claude""]",,never,"[""Other""]",,,"[5,6,5,4]","[7,7,7,7,7,7]","[3,2,1,2,1]",5,6,5,4,7,7,7,7,7,7,3,2,1,2,1
570ce964-8baf-4c29-b622-a5672b2d9c05,2f6754e3-91f8-42c4-8052-4680060616bb,125,44.0,minority,normativeFirst,27,male,undergraduate,Artist,2025-09-09 18:08:56.680958+00:00,united-kingdom,"[""English""]",7,Black/African,,7,"[""ChatGPT""]",,never,[],,,"[6,5,2,2]","[2,2,4,4,6,3]","[7,7,7,7,7]",6,5,2,2,2,2,4,4,6,3,7,7,7,7,7
4f2292cb-38e8-41ed-a762-120043819c1b,7ed3a914-8b04-43a8-b4a3-40a88e6eb270,126,72.0,minorityDiffusion,normativeFirst,42,male,high-school-or-below,Accountant,2025-09-09 18:31:18.806579+00:00,united-kingdom,"[""English""]",7,White,,2,"[""ChatGPT""]",,only-heard,[],,I don't think I have had multi-agent experiences,"[2,4,2,2]","[4,5,4,4,6,5]","[1,1,1,1,1]",2,4,2,2,4,5,4,4,6,5,1,1,1,1,1
b438a034-648c-4a17-a4a9-8d030d750558,036599a1-cd2b-44e3-bab7-cb5fba869ec8,127,98.0,minority,normativeFirst,42,male,high-school-or-below,PC repair monkey,2025-09-09 18:44:49.030573+00:00,united-states,"[""English""]",7,White,,2,"[""ChatGPT"",""Grok""]",,only-heard,"[""Role-divided chatbots (e.g., expert/novice)""]",,"Grok went completely nuclear on me and started spewing Nazi Propaganda, was absolutely hilarious.","[4,4,4,4]","[3,3,4,5,3,4]","[4,3,3,4,2]",4,4,4,4,3,3,4,5,3,4,4,3,3,4,2
