id,participant_id,participant_no,condition_id,condition_type,task_order,task_type,survey_number,perceived_compliance_1,perceived_compliance_2,perceived_compliance_3,perceived_compliance_4,perceived_conversion_1,perceived_conversion_2,perceived_conversion_3,perceived_conversion_4,concentration_test,agent_competence,agent_predictability,agent_integrity,agent_understanding,agent_utility,agent_affect,agent_trust,agent1_competence,agent1_predictability,agent1_integrity,agent1_understanding,agent1_utility,agent1_affect,agent1_trust,agent3_competence,agent3_predictability,agent3_integrity,agent3_understanding,agent3_utility,agent3_affect,agent3_trust,created_at
81826da0-5faa-4be3-83a8-62dcb8aa9460,32b70b37-a395-44f7-af56-31268be200c4,1,1.0,majority,informativeFirst,informative,1,5,1,1,1,7,6,7,6,4,7.0,6.0,6.0,5.0,6.0,4.0,5.0,,,,,,,,,,,,,,,2025-09-09 14:58:31.403859+00:00
cd2473fe-896c-4e19-906b-ab29fa54e4da,32b70b37-a395-44f7-af56-31268be200c4,1,1.0,majority,informativeFirst,normative,2,2,1,1,1,3,7,7,7,4,4.0,6.0,4.0,2.0,5.0,4.0,4.0,,,,,,,,,,,,,,,2025-09-09 15:08:30.635498+00:00
867c2377-b22d-46d5-bf5f-d2de9129af6f,c724fed7-5bb1-4e16-972d-c7dbac7ba34e,2,2.0,minority,normativeFirst,informative,2,6,1,1,1,7,1,4,4,4,,,,,,,,7.0,7.0,7.0,7.0,7.0,7.0,5.0,7.0,7.0,7.0,7.0,7.0,7.0,5.0,2025-09-09 15:14:56.476473+00:00
00cc048c-2ee4-48a2-b594-4c391967fb40,c724fed7-5bb1-4e16-972d-c7dbac7ba34e,2,2.0,minority,normativeFirst,normative,1,1,1,1,1,2,7,5,6,4,,,,,,,,7.0,7.0,7.0,7.0,7.0,7.0,7.0,6.0,7.0,7.0,6.0,5.0,5.0,5.0,2025-09-09 15:03:38.686365+00:00
a0455943-89fd-420b-968d-6bebe64e9a8d,871d350b-2da5-4cf0-8a7a-c2dc88bb4803,3,3.0,minorityDiffusion,informativeFirst,informative,1,2,3,2,3,4,6,6,4,4,,,,,,,,3.0,3.0,5.0,5.0,5.0,5.0,4.0,5.0,5.0,5.0,5.0,5.0,5.0,4.0,2025-09-09 15:12:03.863116+00:00
35f5528c-eb78-475f-bd66-e8eda8aedba2,871d350b-2da5-4cf0-8a7a-c2dc88bb4803,3,3.0,minorityDiffusion,informativeFirst,normative,2,1,1,1,1,1,1,4,4,4,,,,,,,,5.0,5.0,5.0,5.0,5.0,5.0,4.0,4.0,5.0,3.0,6.0,3.0,4.0,4.0,2025-09-09 15:27:07.823369+00:00
aa23e29e-6fca-4ec9-8645-a8b62ca6418a,3794c56c-dffa-48cd-b926-e7a6b094f258,4,4.0,majority,normativeFirst,informative,2,6,3,3,2,6,6,6,6,4,6.0,6.0,6.0,3.0,5.0,4.0,4.0,,,,,,,,,,,,,,,2025-09-09 15:30:27.697348+00:00
414d57dc-be5d-42a5-b0f4-1630db9b58b2,3794c56c-dffa-48cd-b926-e7a6b094f258,4,4.0,majority,normativeFirst,normative,1,1,1,1,1,1,1,1,1,4,4.0,6.0,4.0,3.0,3.0,3.0,3.0,,,,,,,,,,,,,,,2025-09-09 15:10:18.993126+00:00
87d1877c-3596-4f0f-953f-ca8e8a1c6faf,2648d04c-6732-41ba-a408-acd2a3ec32e7,5,5.0,minority,informativeFirst,informative,1,6,1,1,1,5,7,7,5,4,,,,,,,,7.0,6.0,7.0,7.0,7.0,7.0,7.0,7.0,6.0,7.0,7.0,7.0,7.0,7.0,2025-09-09 15:06:12.862592+00:00
75a433e4-8182-4608-9531-1e020b1bade0,2648d04c-6732-41ba-a408-acd2a3ec32e7,5,5.0,minority,informativeFirst,normative,2,1,1,1,1,1,7,7,6,4,,,,,,,,7.0,6.0,7.0,7.0,7.0,7.0,7.0,7.0,6.0,7.0,7.0,7.0,7.0,7.0,2025-09-09 15:19:46.918836+00:00
56e38c3d-2004-4a78-9423-77487444af62,4a257cd1-8d04-4b90-a741-5745fa88f51a,6,6.0,minorityDiffusion,normativeFirst,informative,2,1,1,1,1,1,7,7,7,4,,,,,,,,3.0,4.0,4.0,3.0,2.0,2.0,2.0,3.0,5.0,3.0,2.0,2.0,2.0,2.0,2025-09-09 15:13:11.802975+00:00
4793d14d-a6e6-4b2e-a1ef-8505de88ae61,4a257cd1-8d04-4b90-a741-5745fa88f51a,6,6.0,minorityDiffusion,normativeFirst,normative,1,1,1,1,1,1,6,6,6,4,,,,,,,,4.0,6.0,4.0,3.0,2.0,2.0,2.0,4.0,6.0,4.0,3.0,2.0,2.0,2.0,2025-09-09 15:03:36.862553+00:00
2b7969cc-8b54-4b0c-b2c7-cae98da82067,cef7f64b-9637-4193-bdd6-c9943b06c56a,7,7.0,majority,informativeFirst,informative,1,2,2,2,2,2,1,7,4,4,2.0,2.0,2.0,1.0,2.0,3.0,2.0,,,,,,,,,,,,,,,2025-09-09 15:04:31.145637+00:00
1cdc6a81-11a6-49e2-8816-dc7132e98056,cef7f64b-9637-4193-bdd6-c9943b06c56a,7,7.0,majority,informativeFirst,normative,2,2,2,2,2,2,2,6,6,4,4.0,4.0,3.0,5.0,3.0,4.0,2.0,,,,,,,,,,,,,,,2025-09-09 15:13:49.428200+00:00
d357911d-b686-4d28-90e1-0907efa7ffaf,84960d02-7dc3-43a3-b2e1-a945f23d90f0,8,8.0,minority,normativeFirst,informative,2,3,1,1,1,2,7,4,4,4,,,,,,,,4.0,4.0,4.0,4.0,4.0,4.0,4.0,4.0,4.0,4.0,4.0,4.0,4.0,4.0,2025-09-09 15:16:03.466706+00:00
b7e5d119-5c00-4fb4-990e-59797c963c79,84960d02-7dc3-43a3-b2e1-a945f23d90f0,8,8.0,minority,normativeFirst,normative,1,1,1,1,1,1,7,1,1,4,,,,,,,,4.0,4.0,4.0,4.0,4.0,4.0,4.0,4.0,4.0,4.0,4.0,4.0,4.0,4.0,2025-09-09 15:07:45.087790+00:00
cf9f9f8f-013a-425b-8c5c-7ff7a040d6be,531f9ad6-bffe-44e4-a4f4-e115908912f6,9,9.0,minorityDiffusion,informativeFirst,informative,1,5,2,5,3,6,2,3,3,4,,,,,,,,3.0,3.0,2.0,1.0,2.0,1.0,1.0,2.0,2.0,3.0,1.0,2.0,1.0,1.0,2025-09-09 15:01:24.872055+00:00
7883189a-dc91-4b13-a921-a6521285c78b,531f9ad6-bffe-44e4-a4f4-e115908912f6,9,9.0,minorityDiffusion,informativeFirst,normative,2,2,1,1,2,1,7,5,6,4,,,,,,,,2.0,1.0,2.0,2.0,2.0,1.0,1.0,3.0,3.0,2.0,2.0,2.0,1.0,1.0,2025-09-09 15:12:03.543637+00:00
fc97aa79-ff57-4119-9bd9-8fd71896e76d,cfff5380-ac7a-474b-b789-c9210b78dd2b,10,10.0,majority,normativeFirst,informative,2,5,1,6,1,7,7,5,7,4,6.0,6.0,7.0,7.0,7.0,7.0,6.0,,,,,,,,,,,,,,,2025-09-09 15:29:51.350982+00:00
880c52f3-6e4c-4acd-ad84-3da8f67a4597,cfff5380-ac7a-474b-b789-c9210b78dd2b,10,10.0,majority,normativeFirst,normative,1,6,7,2,1,7,7,7,7,4,7.0,7.0,7.0,7.0,7.0,7.0,7.0,,,,,,,,,,,,,,,2025-09-09 15:19:54.475552+00:00
60579664-9a98-4d1e-82ac-713255998d8a,b121bfe8-f8b7-48fc-af14-f99c15aedc62,11,11.0,minority,informativeFirst,informative,1,5,2,1,2,5,6,5,5,4,,,,,,,,6.0,6.0,6.0,6.0,6.0,6.0,6.0,6.0,6.0,6.0,6.0,6.0,6.0,6.0,2025-09-09 15:52:22.409746+00:00
657d893c-ac7d-412f-bb26-87bd86f5f90f,b121bfe8-f8b7-48fc-af14-f99c15aedc62,11,11.0,minority,informativeFirst,normative,2,4,2,2,1,6,6,6,6,4,,,,,,,,6.0,6.0,6.0,6.0,6.0,6.0,6.0,6.0,6.0,6.0,6.0,6.0,6.0,6.0,2025-09-09 16:00:30.832645+00:00
b9e60e3a-8f2f-4cb7-8f3c-d80b52367245,3602b073-9f84-4bd3-a681-ea302ad6a1bf,12,12.0,minorityDiffusion,normativeFirst,informative,2,3,4,3,3,5,5,4,5,4,,,,,,,,4.0,4.0,5.0,4.0,,4.0,3.0,3.0,3.0,4.0,3.0,3.0,3.0,3.0,2025-09-09 15:03:57.564488+00:00
81bd46eb-c02d-4b3c-9f5a-05408295c921,3602b073-9f84-4bd3-a681-ea302ad6a1bf,12,12.0,minorityDiffusion,normativeFirst,normative,1,1,2,2,2,2,6,6,6,4,,,,,,,,1.0,6.0,2.0,2.0,1.0,2.0,2.0,2.0,2.0,2.0,1.0,1.0,1.0,2.0,2025-09-09 14:58:20.068681+00:00
0cf9a17f-dbcf-4906-ad80-73a14e0969ad,21b14e1e-73cd-4390-af56-e404b575742d,13,13.0,majority,informativeFirst,informative,1,1,1,1,1,1,6,1,6,4,5.0,7.0,5.0,4.0,2.0,1.0,2.0,,,,,,,,,,,,,,,2025-09-09 15:01:07.400769+00:00
bd74de11-7eba-4b1e-9226-873882239673,21b14e1e-73cd-4390-af56-e404b575742d,13,13.0,majority,informativeFirst,normative,2,1,1,1,1,1,6,1,6,4,3.0,6.0,3.0,3.0,3.0,1.0,1.0,,,,,,,,,,,,,,,2025-09-09 15:14:33.492671+00:00
12d28bed-a9cc-462e-a0c3-6a21464b1fcf,eda76aba-529a-4bba-a2de-ccddec750d17,14,14.0,minority,normativeFirst,informative,2,5,5,1,3,4,4,4,4,4,,,,,,,,5.0,5.0,5.0,3.0,3.0,3.0,3.0,4.0,4.0,4.0,3.0,3.0,3.0,3.0,2025-09-09 15:10:38.610592+00:00
fc4db96d-72e0-491b-bc08-bbab38eae677,eda76aba-529a-4bba-a2de-ccddec750d17,14,14.0,minority,normativeFirst,normative,1,2,2,2,2,1,7,7,7,4,,,,,,,,4.0,4.0,4.0,2.0,4.0,3.0,3.0,3.0,3.0,3.0,3.0,3.0,3.0,,2025-09-09 15:03:15.002290+00:00
a0073500-2b50-4b6e-a024-c4915e2a73c3,5b6a5a77-da0a-4cc4-b5fe-dbf17496f7df,15,15.0,minorityDiffusion,informativeFirst,informative,1,5,2,1,1,5,5,3,4,4,,,,,,,,6.0,6.0,7.0,7.0,7.0,7.0,7.0,5.0,6.0,6.0,6.0,5.0,5.0,5.0,2025-09-09 14:59:01.365598+00:00
f9d3a12c-2ded-46af-a829-d6dd16bc01e9,5b6a5a77-da0a-4cc4-b5fe-dbf17496f7df,15,15.0,minorityDiffusion,informativeFirst,normative,2,1,1,1,1,1,7,7,7,4,,,,,,,,7.0,7.0,7.0,7.0,7.0,7.0,7.0,7.0,7.0,7.0,7.0,7.0,7.0,7.0,2025-09-09 15:05:53.130747+00:00
4fbd03a6-c58b-4ba2-be62-29f68771da2b,5d934fc1-711c-402b-ac91-17e8e7f9b263,16,16.0,majority,normativeFirst,informative,2,5,3,1,1,3,6,3,4,4,4.0,5.0,4.0,1.0,1.0,2.0,1.0,,,,,,,,,,,,,,,2025-09-09 15:14:59.256177+00:00
8e106ecb-5adb-4986-9cd6-5066e6c2b0e6,5d934fc1-711c-402b-ac91-17e8e7f9b263,16,16.0,majority,normativeFirst,normative,1,1,1,1,1,1,7,1,4,4,2.0,6.0,2.0,2.0,1.0,1.0,1.0,,,,,,,,,,,,,,,2025-09-09 15:06:39.911148+00:00
68ba999f-62d8-4767-8880-e62aad9a7885,1e550f61-e86f-4792-9766-7a50fd3332e3,17,17.0,minority,informativeFirst,informative,1,5,1,1,1,5,6,5,5,4,,,,,,,,6.0,6.0,7.0,7.0,6.0,6.0,6.0,6.0,6.0,6.0,6.0,6.0,6.0,6.0,2025-09-09 17:31:28.957854+00:00
e0655da3-d844-4baa-adaa-ecac6c475dfd,1e550f61-e86f-4792-9766-7a50fd3332e3,17,17.0,minority,informativeFirst,normative,2,1,1,1,1,1,7,6,5,4,,,,,,,,6.0,6.0,6.0,7.0,6.0,6.0,6.0,5.0,4.0,3.0,1.0,3.0,3.0,3.0,2025-09-09 17:38:05.242683+00:00
130d8bdc-c64c-4c78-aa1e-bab6704df61b,4a3c5081-d999-41a2-ac0f-c3be5c903638,18,,minorityDiffusion,normativeFirst,informative,2,7,1,1,1,1,7,7,7,4,,,,,,,,5.0,6.0,7.0,6.0,5.0,6.0,4.0,5.0,6.0,5.0,7.0,5.0,7.0,5.0,2025-09-09 15:32:09.577532+00:00
f8da4bc7-dd7a-4c6e-afb5-1e508714950e,4a3c5081-d999-41a2-ac0f-c3be5c903638,18,18.0,minorityDiffusion,normativeFirst,normative,1,7,7,1,6,6,7,7,5,4,,,,,,,,7.0,7.0,7.0,7.0,7.0,7.0,5.0,7.0,5.0,6.0,7.0,7.0,5.0,5.0,2025-09-09 15:22:11.841961+00:00
8372463e-de20-4346-9aa1-8ff132dde783,37434cb2-4371-4c88-93e7-ba80a6511ca3,19,19.0,majority,informativeFirst,informative,1,7,5,6,2,6,6,4,6,4,7.0,4.0,6.0,6.0,5.0,7.0,6.0,,,,,,,,,,,,,,,2025-09-09 15:13:44.099046+00:00
3d405437-5415-4f28-b393-e5ed4ddac955,37434cb2-4371-4c88-93e7-ba80a6511ca3,19,19.0,majority,informativeFirst,normative,2,3,2,1,3,2,5,5,7,4,4.0,2.0,5.0,7.0,5.0,6.0,4.0,,,,,,,,,,,,,,,2025-09-09 15:22:21.828846+00:00
286131f8-6756-4636-8b78-94a2fa9f0d38,74c9f1d7-3521-444e-9345-c995a33dc27a,20,20.0,minority,normativeFirst,informative,2,1,1,1,1,1,7,7,7,4,,,,,,,,6.0,6.0,6.0,7.0,4.0,4.0,3.0,2.0,6.0,1.0,1.0,3.0,2.0,3.0,2025-09-09 15:31:21.583853+00:00
cef51ab4-0bcb-4dbc-9ff8-84003a3993dc,74c9f1d7-3521-444e-9345-c995a33dc27a,20,20.0,minority,normativeFirst,normative,1,2,2,1,1,1,6,5,5,4,,,,,,,,3.0,6.0,3.0,4.0,3.0,4.0,4.0,3.0,5.0,2.0,3.0,5.0,3.0,4.0,2025-09-09 15:14:26.079888+00:00
b64285b2-7089-4032-91a7-64721432d0e8,66a31a6c-cd36-4668-b475-44db5f8dae1e,21,21.0,minorityDiffusion,informativeFirst,informative,1,4,1,1,3,7,3,3,6,4,,,,,,,,3.0,3.0,4.0,7.0,7.0,7.0,5.0,7.0,7.0,7.0,7.0,7.0,7.0,7.0,2025-09-09 15:11:13.131048+00:00
8f81bdf3-4fbc-47a4-9e5f-349884d1a7da,66a31a6c-cd36-4668-b475-44db5f8dae1e,21,21.0,minorityDiffusion,informativeFirst,normative,2,1,1,1,1,1,1,5,7,4,,,,,,,,4.0,2.0,7.0,7.0,7.0,7.0,3.0,7.0,7.0,7.0,7.0,7.0,7.0,7.0,2025-09-09 15:21:14.657354+00:00
34658e7e-facf-4ab2-a2a2-d57abed1cfe3,828a3c44-961f-434e-948b-36a0dfc6cfe7,22,22.0,majority,normativeFirst,informative,2,2,1,1,2,3,7,5,6,4,5.0,4.0,5.0,5.0,6.0,5.0,5.0,,,,,,,,,,,,,,,2025-09-09 15:41:51.028653+00:00
8c57a311-2685-41ab-8a99-a669ac6f1751,828a3c44-961f-434e-948b-36a0dfc6cfe7,22,22.0,majority,normativeFirst,normative,1,5,3,5,6,4,5,3,5,4,6.0,6.0,6.0,5.0,5.0,4.0,5.0,,,,,,,,,,,,,,,2025-09-09 15:23:55.432843+00:00
ce8b3cb2-87a0-420b-92bc-f1810f529be4,53a97c91-f20c-45e2-bb24-3de3bf2f48a9,23,23.0,minority,informativeFirst,informative,1,2,2,3,2,2,2,3,3,4,,,,,,,,4.0,4.0,4.0,5.0,4.0,4.0,4.0,4.0,5.0,4.0,5.0,4.0,4.0,4.0,2025-09-09 15:02:25.604749+00:00
c204d25a-576b-442f-8131-2060c83cb3ee,53a97c91-f20c-45e2-bb24-3de3bf2f48a9,23,23.0,minority,informativeFirst,normative,2,2,2,2,2,2,2,2,2,4,,,,,,,,4.0,5.0,4.0,4.0,5.0,4.0,4.0,5.0,4.0,5.0,4.0,4.0,4.0,4.0,2025-09-09 15:06:43.239973+00:00
bc5ffae8-d690-4c01-b430-4f95d6ce3c8b,4fc031df-bd76-4619-affa-8dcd30c6c748,24,24.0,minorityDiffusion,normativeFirst,informative,2,1,1,1,1,1,7,7,7,4,,,,,,,,2.0,4.0,2.0,5.0,2.0,3.0,2.0,2.0,2.0,2.0,4.0,1.0,1.0,1.0,2025-09-09 15:24:35.366825+00:00
0d8b9631-b582-4a38-8210-91ab93c26ccc,4fc031df-bd76-4619-affa-8dcd30c6c748,24,24.0,minorityDiffusion,normativeFirst,normative,1,2,1,1,2,4,7,4,7,4,,,,,,,,6.0,4.0,7.0,7.0,5.0,5.0,6.0,6.0,6.0,6.0,6.0,6.0,5.0,6.0,2025-09-09 15:12:32.348442+00:00
6674197b-4d8a-49a6-bffd-1929095ec538,873bb404-396b-4a21-bd83-ad7dd1a10af9,25,25.0,majority,informativeFirst,informative,1,7,2,2,1,3,6,2,6,4,5.0,5.0,5.0,5.0,5.0,5.0,5.0,,,,,,,,,,,,,,,2025-09-09 15:07:26.305168+00:00
646dee05-607a-4829-aa6d-9e071a956fc6,873bb404-396b-4a21-bd83-ad7dd1a10af9,25,25.0,majority,informativeFirst,normative,2,1,1,1,1,1,1,7,6,4,4.0,4.0,4.0,4.0,3.0,3.0,3.0,,,,,,,,,,,,,,,2025-09-09 15:17:57.145762+00:00
89fc5736-c36f-4689-ae91-0596c519ce9e,68e6e5f1-1440-4cb4-bef8-4a7009a19b5c,26,26.0,minority,normativeFirst,informative,2,7,1,1,1,7,7,7,7,4,,,,,,,,6.0,6.0,5.0,7.0,7.0,6.0,6.0,6.0,6.0,5.0,6.0,6.0,6.0,6.0,2025-09-09 15:40:48.741490+00:00
e63ea4f6-66fc-4c0b-a3f2-c9e6e94989bd,68e6e5f1-1440-4cb4-bef8-4a7009a19b5c,26,26.0,minority,normativeFirst,normative,1,1,1,1,1,2,6,2,6,4,,,,,,,,4.0,6.0,3.0,4.0,3.0,4.0,4.0,4.0,6.0,3.0,4.0,4.0,4.0,4.0,2025-09-09 15:27:27.353357+00:00
6456f876-10e1-4fa7-926b-438c967277b0,4ef00beb-110b-4d54-9b31-ecd001440d8a,27,27.0,minorityDiffusion,informativeFirst,informative,1,1,1,1,1,1,7,7,7,4,,,,,,,,3.0,6.0,3.0,7.0,6.0,4.0,6.0,5.0,6.0,2.0,7.0,6.0,4.0,6.0,2025-09-09 15:33:33.936027+00:00
1dec6b3e-3057-4d34-b0fa-cf49f85119a1,4ef00beb-110b-4d54-9b31-ecd001440d8a,27,27.0,minorityDiffusion,informativeFirst,normative,2,1,1,1,1,1,7,7,7,4,,,,,,,,3.0,5.0,4.0,7.0,5.0,4.0,4.0,3.0,5.0,2.0,7.0,4.0,2.0,2.0,2025-09-09 15:45:23.883667+00:00
5a53fa1b-85f9-48d6-b781-fa8033ea91ee,32675228-78fc-4a45-91cb-6e2abd39ca5f,28,28.0,majority,normativeFirst,informative,2,7,4,1,2,7,3,3,3,4,3.0,3.0,4.0,4.0,4.0,3.0,3.0,,,,,,,,,,,,,,,2025-09-09 15:22:25.245334+00:00
e99429b0-819a-4c17-8280-250f39c4fe0b,32675228-78fc-4a45-91cb-6e2abd39ca5f,28,28.0,majority,normativeFirst,normative,1,1,1,1,4,1,7,7,1,4,4.0,4.0,3.0,2.0,1.0,2.0,1.0,,,,,,,,,,,,,,,2025-09-09 15:15:12.709558+00:00
be95b8ac-5daa-4336-8bc4-33ac22456731,f3619e69-7a0a-47bd-a00f-daed6fc2ce92,29,29.0,minority,informativeFirst,informative,1,3,2,2,4,2,5,2,6,4,,,,,,,,5.0,4.0,4.0,4.0,4.0,6.0,4.0,6.0,4.0,6.0,6.0,6.0,6.0,6.0,2025-09-09 15:24:42.834618+00:00
2830f129-2898-46ad-8176-c4fb2a5bdfd1,f3619e69-7a0a-47bd-a00f-daed6fc2ce92,29,29.0,minority,informativeFirst,normative,2,6,4,4,2,4,7,1,1,4,,,,,,,,1.0,1.0,1.0,1.0,1.0,1.0,1.0,4.0,4.0,4.0,5.0,1.0,2.0,2.0,2025-09-09 15:35:08.828321+00:00
fc2ba075-c901-4b69-be8f-5000afed287d,cef9291c-661f-4221-a4f2-9d8bf16fb111,30,30.0,minorityDiffusion,normativeFirst,informative,2,5,1,1,2,4,7,4,5,4,,,,,,,,3.0,7.0,4.0,7.0,2.0,4.0,2.0,4.0,4.0,6.0,7.0,4.0,4.0,4.0,2025-09-09 15:45:57.040934+00:00
eaa5837b-9fea-4616-ae34-9d1f1fa4ee4d,cef9291c-661f-4221-a4f2-9d8bf16fb111,30,30.0,minorityDiffusion,normativeFirst,normative,1,1,1,1,1,1,7,4,7,4,,,,,,,,4.0,7.0,5.0,7.0,1.0,4.0,4.0,4.0,7.0,4.0,7.0,1.0,4.0,4.0,2025-09-09 15:36:22.279044+00:00
dca04a40-4975-40a0-b1a0-1250d12fa453,85df1458-9ca6-4192-8023-967795afee8f,31,31.0,majority,informativeFirst,informative,1,7,1,1,1,1,7,7,7,4,1.0,7.0,1.0,1.0,1.0,1.0,1.0,,,,,,,,,,,,,,,2025-09-09 15:35:31.757028+00:00
3dc6ad34-daa7-4731-801a-54d0ca894da1,85df1458-9ca6-4192-8023-967795afee8f,31,31.0,majority,informativeFirst,normative,2,7,1,1,1,1,7,7,7,4,1.0,7.0,1.0,3.0,1.0,1.0,1.0,,,,,,,,,,,,,,,2025-09-09 15:47:42.669654+00:00
c49c3b63-c4f6-4d23-946e-ca7f8c2ff877,b784e7ca-736e-44db-a3f3-2cd2f86c2d68,32,32.0,minority,normativeFirst,informative,2,7,1,1,1,6,7,6,6,4,,,,,,,,4.0,7.0,5.0,1.0,1.0,1.0,1.0,4.0,7.0,5.0,1.0,1.0,1.0,1.0,2025-09-09 17:40:49.761643+00:00
3046a37b-f81e-478b-8e51-8db067bf13c4,b784e7ca-736e-44db-a3f3-2cd2f86c2d68,32,32.0,minority,normativeFirst,normative,1,1,1,1,1,2,2,2,2,4,,,,,,,,4.0,7.0,4.0,2.0,1.0,1.0,1.0,3.0,7.0,2.0,2.0,1.0,1.0,1.0,2025-09-09 17:32:57.491996+00:00
6c030c37-ef39-41f5-bb42-f7c8c7584175,5083f919-a4ef-4433-af16-5489ead1ea4e,33,33.0,minorityDiffusion,informativeFirst,informative,1,3,1,1,2,6,6,2,5,4,,,,,,,,5.0,5.0,5.0,6.0,6.0,7.0,6.0,6.0,4.0,6.0,7.0,7.0,7.0,6.0,2025-09-09 17:38:27.308210+00:00
8f88a77c-76b6-49f9-82e8-9d94f12fb2f7,5083f919-a4ef-4433-af16-5489ead1ea4e,33,33.0,minorityDiffusion,informativeFirst,normative,2,1,2,1,1,1,7,4,6,4,,,,,,,,6.0,5.0,7.0,6.0,6.0,6.0,3.0,5.0,7.0,3.0,2.0,5.0,4.0,2.0,2025-09-09 18:03:34.786921+00:00
b0bc6454-6be2-4576-9296-cbdf7f19ab0f,bb3bf185-23ab-460f-8e39-e7bcd54eb3f9,34,34.0,majority,normativeFirst,informative,2,6,6,1,1,6,1,1,6,4,4.0,6.0,4.0,3.0,4.0,3.0,5.0,,,,,,,,,,,,,,,2025-09-09 17:39:45.238140+00:00
066fbe0e-4f3c-413e-bb59-03498795ca5a,bb3bf185-23ab-460f-8e39-e7bcd54eb3f9,34,34.0,majority,normativeFirst,normative,1,1,1,1,1,1,6,6,6,4,4.0,5.0,4.0,4.0,4.0,3.0,3.0,,,,,,,,,,,,,,,2025-09-09 17:32:48.888895+00:00
bfdb7203-9e4f-4229-98bd-ad86a4e8d710,5d1b61d5-a2f2-44bd-a128-edf1f61bd715,35,35.0,minority,informativeFirst,informative,1,2,2,2,4,5,3,3,5,4,,,,,,,,5.0,5.0,4.0,5.0,4.0,3.0,4.0,5.0,5.0,4.0,3.0,5.0,3.0,4.0,2025-09-09 17:46:49.342690+00:00
5df9f45d-8bed-40e2-afb7-4fbc167ae773,5d1b61d5-a2f2-44bd-a128-edf1f61bd715,35,35.0,minority,informativeFirst,normative,2,2,2,2,2,2,6,4,4,4,,,,,,,,5.0,5.0,4.0,5.0,5.0,3.0,4.0,5.0,5.0,4.0,3.0,5.0,4.0,4.0,2025-09-09 17:59:37.059266+00:00
89c19699-12b3-4ccc-9641-3665acf83240,aa5e0dc7-39c5-43aa-b82b-ef78f2b133c4,36,36.0,minorityDiffusion,normativeFirst,informative,2,7,2,4,1,7,7,7,5,4,,,,,,,,6.0,6.0,6.0,6.0,5.0,2.0,3.0,6.0,6.0,6.0,6.0,5.0,2.0,2.0,2025-09-09 17:41:48.419211+00:00
8341ebf9-ddcf-43c6-9ae9-bc4c9bd29b28,aa5e0dc7-39c5-43aa-b82b-ef78f2b133c4,36,36.0,minorityDiffusion,normativeFirst,normative,1,2,1,1,2,2,6,6,4,4,,,,,,,,3.0,3.0,4.0,4.0,3.0,2.0,4.0,4.0,4.0,4.0,4.0,4.0,2.0,2.0,2025-09-09 17:33:22.910433+00:00
f4fe7896-ed96-4b8a-9d3b-ce783bc5b40d,858e5a85-eb83-448d-a58c-c7974a70b99e,37,37.0,majority,informativeFirst,informative,1,4,2,1,1,3,6,7,4,4,4.0,2.0,4.0,1.0,2.0,2.0,3.0,,,,,,,,,,,,,,,2025-09-09 17:40:18.404420+00:00
8ec1bf02-4f38-4bba-bba3-42976e9eaeb8,858e5a85-eb83-448d-a58c-c7974a70b99e,37,37.0,majority,informativeFirst,normative,2,2,1,1,1,1,7,7,4,4,1.0,7.0,1.0,1.0,1.0,1.0,1.0,,,,,,,,,,,,,,,2025-09-09 17:48:40.702076+00:00
dfc2ce91-cebc-41b9-98ff-92a163034b5d,32539ad3-ad81-4f6f-8e57-de29a6edae93,38,38.0,minority,normativeFirst,informative,2,6,6,6,7,6,7,6,6,4,,,,,,,,6.0,7.0,6.0,7.0,6.0,7.0,7.0,7.0,7.0,6.0,7.0,6.0,7.0,6.0,2025-09-09 17:55:30.798374+00:00
a9a68979-3c8e-4944-9f31-10f6e0ae25bd,32539ad3-ad81-4f6f-8e57-de29a6edae93,38,38.0,minority,normativeFirst,normative,1,7,4,4,4,2,6,6,6,4,,,,,,,,6.0,6.0,6.0,6.0,7.0,6.0,6.0,6.0,7.0,6.0,6.0,7.0,7.0,7.0,2025-09-09 17:44:42.278581+00:00
0712aa41-3eeb-4f4d-8261-193b5bf265ce,50c64a07-874c-462f-9770-2562cd4f2890,39,39.0,minorityDiffusion,informativeFirst,informative,1,3,2,2,4,3,6,3,4,4,,,,,,,,2.0,2.0,3.0,4.0,3.0,2.0,2.0,2.0,2.0,4.0,4.0,5.0,3.0,4.0,2025-09-09 17:45:48.216671+00:00
5c40df0a-e6a9-48e9-b768-25a297a58270,50c64a07-874c-462f-9770-2562cd4f2890,39,39.0,minorityDiffusion,informativeFirst,normative,2,1,1,1,1,1,7,1,4,4,,,,,,,,1.0,1.0,1.0,4.0,1.0,3.0,1.0,1.0,1.0,1.0,4.0,1.0,1.0,1.0,2025-09-09 18:01:07.832608+00:00
83dd075a-0f4b-4849-ab6f-843454253ad5,918d8839-cfa1-43d5-87d8-24f1600592b6,40,40.0,majority,normativeFirst,informative,2,4,1,1,1,1,7,1,1,4,1.0,2.0,1.0,6.0,1.0,1.0,1.0,,,,,,,,,,,,,,,2025-09-09 17:41:35.407058+00:00
f31e7e4d-76b2-4cb6-91ab-ecb61436a48a,918d8839-cfa1-43d5-87d8-24f1600592b6,40,40.0,majority,normativeFirst,normative,1,1,1,2,4,1,7,1,1,4,2.0,5.0,1.0,1.0,1.0,1.0,1.0,,,,,,,,,,,,,,,2025-09-09 17:33:08.976832+00:00
ba9f3fa7-c1f3-4e9c-afce-aad14af1a0d8,a070fecf-acb3-4d27-abe1-e6739b8537f3,41,41.0,minority,informativeFirst,informative,1,4,3,2,2,3,5,4,4,4,,,,,,,,4.0,5.0,5.0,5.0,5.0,4.0,5.0,5.0,5.0,5.0,5.0,5.0,4.0,5.0,2025-09-09 17:38:32.622852+00:00
835c5068-27b6-4ebf-954e-11a1845b6a6f,a070fecf-acb3-4d27-abe1-e6739b8537f3,41,41.0,minority,informativeFirst,normative,2,3,3,2,2,2,6,4,6,4,,,,,,,,5.0,5.0,5.0,5.0,5.0,4.0,5.0,4.0,5.0,5.0,5.0,4.0,4.0,5.0,2025-09-09 17:50:33.696254+00:00
e8baf3c7-bb32-4ace-b2ee-775bd5961e9e,76c4e229-7446-48aa-9461-ec0a87415b29,42,42.0,minorityDiffusion,normativeFirst,informative,2,2,2,1,2,2,6,6,6,4,,,,,,,,5.0,5.0,6.0,5.0,6.0,7.0,6.0,5.0,5.0,6.0,5.0,6.0,6.0,5.0,2025-09-09 17:41:24.974493+00:00
9c211e8e-c346-43a0-9ae8-13f5385a89ca,76c4e229-7446-48aa-9461-ec0a87415b29,42,42.0,minorityDiffusion,normativeFirst,normative,1,2,2,1,2,2,6,6,7,4,,,,,,,,5.0,4.0,5.0,6.0,5.0,5.0,6.0,4.0,5.0,5.0,6.0,5.0,5.0,6.0,2025-09-09 17:31:57.538270+00:00
c2625eab-1e91-480e-8962-bb358047feff,0930edef-2039-45fa-bf45-2ae4dec11438,43,43.0,majority,informativeFirst,informative,1,1,1,1,1,1,7,7,4,4,2.0,5.0,2.0,2.0,4.0,1.0,1.0,,,,,,,,,,,,,,,2025-09-09 17:41:58.448457+00:00
d00c4ffe-a3fd-456c-9e8f-fc80345a8636,0930edef-2039-45fa-bf45-2ae4dec11438,43,43.0,majority,informativeFirst,normative,2,2,2,2,2,2,6,2,4,4,4.0,5.0,6.0,4.0,5.0,5.0,5.0,,,,,,,,,,,,,,,2025-09-09 17:55:54.798024+00:00
be93e471-81a1-4ff4-b8d0-771eea375149,d385aeea-2dd2-4f42-b57e-78a9b42f0382,44,,minority,normativeFirst,informative,2,5,3,2,1,2,6,6,5,4,,,,,,,,6.0,6.0,5.0,6.0,5.0,4.0,5.0,5.0,5.0,4.0,6.0,4.0,4.0,4.0,2025-09-09 18:13:53.502185+00:00
53fec40e-be20-4e86-a9c9-ba2b66fb484a,d385aeea-2dd2-4f42-b57e-78a9b42f0382,44,44.0,minority,normativeFirst,normative,1,1,1,1,1,1,6,4,5,4,,,,,,,,7.0,6.0,6.0,7.0,5.0,6.0,6.0,3.0,6.0,4.0,7.0,4.0,4.0,4.0,2025-09-09 17:41:07.820709+00:00
273e0a47-cd89-427b-b449-cf46ac39cc7b,e7bee9a5-10ae-426c-8b08-27934b9281bb,45,45.0,minorityDiffusion,informativeFirst,informative,1,5,3,1,4,6,6,4,4,4,,,,,,,,5.0,6.0,4.0,6.0,6.0,4.0,4.0,4.0,5.0,3.0,2.0,4.0,3.0,4.0,2025-09-09 17:53:55.044595+00:00
ca1be5f6-40de-422c-9284-d91de53f4ac5,e7bee9a5-10ae-426c-8b08-27934b9281bb,45,45.0,minorityDiffusion,informativeFirst,normative,2,1,1,1,4,1,7,4,4,4,,,,,,,,7.0,6.0,4.0,6.0,4.0,3.0,3.0,4.0,5.0,5.0,6.0,5.0,3.0,3.0,2025-09-09 18:04:17.528750+00:00
67ae7e17-a19c-42f3-8c75-b07ac52fa573,5390b6eb-1261-4376-8663-e7c71c700f28,46,46.0,majority,normativeFirst,informative,2,1,1,1,1,1,7,7,7,4,4.0,4.0,2.0,1.0,1.0,1.0,1.0,,,,,,,,,,,,,,,2025-09-09 17:35:22.025335+00:00
02aacd77-6b92-47e4-ab0c-feec6a12bbdb,5390b6eb-1261-4376-8663-e7c71c700f28,46,46.0,majority,normativeFirst,normative,1,1,1,1,1,1,7,7,7,4,3.0,4.0,3.0,1.0,2.0,2.0,1.0,,,,,,,,,,,,,,,2025-09-09 17:29:12.689687+00:00
f7067165-7e31-40de-b642-3c9b416ef018,5cc0e14d-5fe2-4447-b4ca-5994e3e10831,47,47.0,minority,informativeFirst,informative,1,4,3,3,2,3,5,3,3,4,,,,,,,,5.0,6.0,5.0,6.0,4.0,5.0,5.0,6.0,6.0,6.0,6.0,6.0,6.0,6.0,2025-09-09 18:51:39.833822+00:00
5a6a5876-8bea-42c4-9744-be654c08e542,5cc0e14d-5fe2-4447-b4ca-5994e3e10831,47,47.0,minority,informativeFirst,normative,2,2,2,1,2,2,6,6,5,4,,,,,,,,6.0,6.0,6.0,5.0,5.0,4.0,6.0,1.0,6.0,5.0,5.0,5.0,4.0,5.0,2025-09-09 19:28:00.311563+00:00
40e2d45b-4fa6-4f3e-85c0-f3bfbb665269,586f1871-adb3-424f-b2e5-45545395dc93,48,48.0,minorityDiffusion,normativeFirst,informative,2,7,5,6,7,6,4,2,2,4,,,,,,,,4.0,5.0,4.0,4.0,5.0,3.0,3.0,4.0,5.0,4.0,4.0,5.0,3.0,3.0,2025-09-09 17:58:52.626954+00:00
e73d5914-af92-487a-a689-6b665994f8ff,586f1871-adb3-424f-b2e5-45545395dc93,48,48.0,minorityDiffusion,normativeFirst,normative,1,3,2,4,5,3,5,3,2,4,,,,,,,,5.0,5.0,5.0,5.0,4.0,4.0,4.0,5.0,5.0,5.0,5.0,4.0,4.0,4.0,2025-09-09 17:50:13.419281+00:00
bdc7a937-6d4c-4c23-8fbc-b7105e43f6d7,69268d3f-39bc-4530-924b-d854ebbd35e4,49,49.0,majority,informativeFirst,informative,1,7,2,1,1,4,7,7,6,4,7.0,7.0,6.0,6.0,6.0,7.0,6.0,,,,,,,,,,,,,,,2025-09-09 17:36:53.166519+00:00
580bd0f8-59e4-428e-91ab-db3b1386f533,69268d3f-39bc-4530-924b-d854ebbd35e4,49,49.0,majority,informativeFirst,normative,2,2,4,3,1,2,6,5,6,4,6.0,6.0,4.0,3.0,2.0,6.0,5.0,,,,,,,,,,,,,,,2025-09-09 17:48:36.556512+00:00
e97aa696-2b5c-4232-8129-885e8e5d91bf,134c2569-bfe7-414e-86a0-d3b3f948f5e9,50,50.0,minority,normativeFirst,informative,2,5,2,1,1,2,7,5,5,4,,,,,,,,6.0,6.0,5.0,5.0,6.0,5.0,6.0,7.0,7.0,7.0,7.0,7.0,7.0,7.0,2025-09-09 19:35:27.628354+00:00
54104b25-e6c4-466b-87fb-45e5d5f4c1c5,134c2569-bfe7-414e-86a0-d3b3f948f5e9,50,50.0,minority,normativeFirst,normative,1,2,1,1,2,2,7,7,7,4,,,,,,,,6.0,6.0,7.0,7.0,6.0,5.0,5.0,6.0,6.0,7.0,7.0,6.0,5.0,5.0,2025-09-09 19:03:29.878664+00:00
b90deca2-1520-45b4-8cbe-9e9caddb9fb3,07d88852-7da1-4eaa-9413-468d15f8dc10,51,51.0,minorityDiffusion,informativeFirst,informative,1,3,3,1,1,2,7,7,5,4,,,,,,,,4.0,6.0,6.0,3.0,5.0,4.0,4.0,6.0,6.0,6.0,3.0,5.0,4.0,4.0,2025-09-09 17:37:00.742292+00:00
4c721cba-5771-4ded-bd24-60752cc4a931,07d88852-7da1-4eaa-9413-468d15f8dc10,51,51.0,minorityDiffusion,informativeFirst,normative,2,1,1,1,1,1,7,7,6,4,,,,,,,,6.0,6.0,6.0,6.0,5.0,4.0,4.0,5.0,5.0,5.0,6.0,3.0,3.0,3.0,2025-09-09 17:47:03.690411+00:00
92619548-ebd6-42ed-9124-d6480b3e88f2,0ddcc4f5-84cf-4232-91c2-55d084eda6e9,52,52.0,majority,normativeFirst,informative,2,1,1,1,1,3,7,6,6,4,3.0,6.0,2.0,5.0,1.0,1.0,1.0,,,,,,,,,,,,,,,2025-09-09 17:44:39.746560+00:00
1af7ee93-7f74-49db-ab6d-aaba936915ff,0ddcc4f5-84cf-4232-91c2-55d084eda6e9,52,52.0,majority,normativeFirst,normative,1,1,1,1,1,2,7,6,7,4,5.0,5.0,3.0,5.0,1.0,1.0,1.0,,,,,,,,,,,,,,,2025-09-09 17:37:17.235191+00:00
1086add0-7a82-4e05-b2fa-4f3671fa9466,bf38b76e-3b5d-4be2-8904-0f30398f1aca,53,53.0,minority,informativeFirst,informative,1,2,1,1,1,1,6,6,6,4,,,,,,,,3.0,6.0,4.0,5.0,3.0,2.0,3.0,4.0,4.0,3.0,4.0,3.0,4.0,4.0,2025-09-09 17:52:37.340287+00:00
5d0ac47a-8c2e-4557-a08a-ab7fb8dafd8e,bf38b76e-3b5d-4be2-8904-0f30398f1aca,53,53.0,minority,informativeFirst,normative,2,1,1,1,1,1,7,6,7,4,,,,,,,,5.0,6.0,6.0,6.0,5.0,5.0,5.0,5.0,6.0,5.0,5.0,5.0,4.0,4.0,2025-09-09 18:09:50.828475+00:00
e5cd2d19-3c24-4ecc-8ba8-7cad32093b65,14bf7228-fadd-491c-8cc4-c74dd4c3fba6,54,54.0,minorityDiffusion,normativeFirst,informative,2,6,6,3,3,5,6,5,5,4,,,,,,,,5.0,5.0,6.0,5.0,6.0,6.0,6.0,5.0,5.0,6.0,6.0,6.0,6.0,6.0,2025-09-09 17:57:12.358933+00:00
3a23268b-4b1e-4fed-ae66-7f46bb7c769a,14bf7228-fadd-491c-8cc4-c74dd4c3fba6,54,54.0,minorityDiffusion,normativeFirst,normative,1,6,5,3,3,5,5,5,5,4,,,,,,,,6.0,6.0,6.0,5.0,6.0,5.0,5.0,5.0,5.0,5.0,6.0,6.0,6.0,5.0,2025-09-09 17:47:16.670206+00:00
4da47843-3f92-4dcc-bc10-6b992e5a52a7,0970deef-da21-4b37-bddf-814b4a94c050,55,18.0,minorityDiffusion,normativeFirst,informative,2,1,1,1,1,1,7,1,7,4,,,,,,,,1.0,1.0,1.0,1.0,1.0,1.0,1.0,1.0,3.0,1.0,1.0,1.0,1.0,1.0,2025-09-09 17:59:31.561769+00:00
46554492-c8fc-4232-b417-eb689cc73cb1,0970deef-da21-4b37-bddf-814b4a94c050,55,18.0,minorityDiffusion,normativeFirst,normative,1,1,1,5,1,1,6,4,6,4,,,,,,,,2.0,4.0,3.0,2.0,2.0,2.0,2.0,3.0,3.0,2.0,1.0,2.0,2.0,1.0,2025-09-09 17:47:07.494582+00:00
bae3e1dc-19d5-4dc1-a9b1-5d96d4a75f95,75db1808-af29-4ad0-bee6-29558574533b,56,56.0,minority,normativeFirst,informative,2,6,3,1,1,6,6,3,7,4,,,,,,,,6.0,6.0,7.0,7.0,7.0,6.0,6.0,3.0,4.0,3.0,5.0,2.0,4.0,2.0,2025-09-09 17:39:33.140216+00:00
cf1b5238-4447-4fae-a522-471b74d02989,75db1808-af29-4ad0-bee6-29558574533b,56,56.0,minority,normativeFirst,normative,1,1,1,1,1,1,7,7,7,4,,,,,,,,6.0,5.0,6.0,7.0,4.0,5.0,6.0,6.0,6.0,6.0,6.0,4.0,6.0,5.0,2025-09-09 17:34:18.804815+00:00
89cc5a3d-eb6b-4f9f-a295-9bb0ae97e78d,4f37c0a8-685a-4f8e-863c-f27a94a4236d,57,,minorityDiffusion,informativeFirst,informative,1,4,3,2,3,5,5,5,5,4,,,,,,,,6.0,6.0,6.0,6.0,7.0,6.0,7.0,5.0,5.0,5.0,6.0,6.0,6.0,7.0,2025-09-09 18:02:43.114847+00:00
e9da27df-e619-4ae6-bc31-8b9f84601389,4f37c0a8-685a-4f8e-863c-f27a94a4236d,57,,minorityDiffusion,informativeFirst,normative,2,3,2,2,3,4,5,2,4,4,,,,,,,,6.0,6.0,6.0,6.0,6.0,7.0,7.0,6.0,6.0,6.0,6.0,6.0,6.0,6.0,2025-09-09 18:22:42.458779+00:00
2505b1bd-0a99-48b2-9641-623ccc891e95,93ad0c45-b342-4f90-8198-b588bced4349,58,,majority,normativeFirst,informative,2,4,5,4,4,5,5,4,5,4,3.0,4.0,5.0,4.0,4.0,5.0,4.0,,,,,,,,,,,,,,,2025-09-09 18:29:38.169754+00:00
2a0e0a48-b53b-49dd-bcbd-22a8dfc1f1ff,93ad0c45-b342-4f90-8198-b588bced4349,58,,majority,normativeFirst,normative,1,4,3,3,4,4,3,4,4,4,4.0,4.0,3.0,4.0,5.0,4.0,4.0,,,,,,,,,,,,,,,2025-09-09 18:19:44.427952+00:00
435fa54b-de46-46de-a440-52a6d992756e,6ae81c9a-e082-4873-ae39-7c0f54a06c50,59,59.0,minority,informativeFirst,informative,1,4,2,2,4,3,6,4,5,4,,,,,,,,7.0,7.0,6.0,5.0,5.0,5.0,5.0,7.0,7.0,5.0,6.0,5.0,5.0,5.0,2025-09-09 17:45:56.439714+00:00
ea07f68a-4202-46b9-9196-715021c149cb,6ae81c9a-e082-4873-ae39-7c0f54a06c50,59,59.0,minority,informativeFirst,normative,2,5,3,3,3,5,5,3,6,4,,,,,,,,6.0,6.0,7.0,6.0,7.0,7.0,6.0,7.0,7.0,7.0,7.0,7.0,6.0,6.0,2025-09-09 17:57:28.339310+00:00
04ed0230-6602-494e-b916-4228cd91e9fb,93c35761-c7dd-49aa-94f9-6420fc5f0b78,60,60.0,minorityDiffusion,normativeFirst,informative,2,1,1,1,1,6,7,7,7,4,,,,,,,,4.0,6.0,3.0,6.0,5.0,6.0,5.0,6.0,5.0,5.0,6.0,5.0,6.0,6.0,2025-09-09 17:49:36.775761+00:00
66597447-91ba-4ba5-a4b1-4682c516c6e1,93c35761-c7dd-49aa-94f9-6420fc5f0b78,60,60.0,minorityDiffusion,normativeFirst,normative,1,1,1,2,2,2,7,7,7,4,,,,,,,,6.0,6.0,6.0,6.0,6.0,6.0,6.0,6.0,6.0,6.0,6.0,6.0,6.0,6.0,2025-09-09 17:36:39.595877+00:00
4d9f944f-d761-480e-a5a8-3243d6b5430a,5ee36000-9570-49d1-9020-94e47b4fc598,61,61.0,majority,informativeFirst,informative,1,2,1,1,4,2,6,3,6,4,3.0,6.0,4.0,3.0,4.0,2.0,2.0,,,,,,,,,,,,,,,2025-09-09 17:34:43.323020+00:00
73f357f0-74c8-4763-8538-ad45b507ea8b,5ee36000-9570-49d1-9020-94e47b4fc598,61,61.0,majority,informativeFirst,normative,2,5,2,1,3,4,5,3,4,4,5.0,5.0,2.0,5.0,5.0,4.0,4.0,,,,,,,,,,,,,,,2025-09-09 17:45:16.692280+00:00
b53bf9e7-9905-47f2-a0ee-98fd34cf981a,eae01319-0414-4f8b-b125-d4487bbeda7f,62,62.0,minority,normativeFirst,informative,2,2,2,1,1,2,7,6,7,4,,,,,,,,7.0,7.0,6.0,6.0,6.0,6.0,6.0,6.0,7.0,6.0,2.0,5.0,5.0,5.0,2025-09-09 17:59:21.691558+00:00
2a8a35b3-473d-4a43-b57e-512ad07e1067,eae01319-0414-4f8b-b125-d4487bbeda7f,62,62.0,minority,normativeFirst,normative,1,5,2,2,3,6,6,6,6,4,,,,,,,,6.0,6.0,6.0,5.0,6.0,5.0,6.0,6.0,6.0,6.0,6.0,7.0,6.0,6.0,2025-09-09 17:42:34.653315+00:00
e154b891-a99a-457c-a7eb-da6fbdef4c29,1b52f199-6ea6-4a97-bcae-73fadd8581e3,63,63.0,minorityDiffusion,informativeFirst,informative,1,5,2,2,2,2,5,5,4,4,,,,,,,,5.0,4.0,4.0,3.0,4.0,3.0,5.0,5.0,5.0,4.0,4.0,3.0,4.0,4.0,2025-09-09 17:50:12.256917+00:00
36b72c7a-f453-4184-8073-833ad186f029,1b52f199-6ea6-4a97-bcae-73fadd8581e3,63,63.0,minorityDiffusion,informativeFirst,normative,2,3,4,2,2,6,2,3,5,4,,,,,,,,6.0,5.0,6.0,6.0,5.0,6.0,6.0,5.0,6.0,6.0,5.0,6.0,6.0,6.0,2025-09-09 18:04:04.735331+00:00
65c31b7a-cdf3-4724-a3ae-0f7af43645fc,9d180490-c5b0-4d42-839f-a978a6afa540,64,64.0,majority,normativeFirst,informative,2,7,4,1,1,7,7,4,7,4,7.0,6.0,6.0,5.0,6.0,6.0,5.0,,,,,,,,,,,,,,,2025-09-09 18:04:00.701527+00:00
d53de7ce-ec56-4230-9a8c-cf626929288f,9d180490-c5b0-4d42-839f-a978a6afa540,64,64.0,majority,normativeFirst,normative,1,1,1,1,1,1,1,6,7,4,7.0,6.0,5.0,6.0,5.0,5.0,5.0,,,,,,,,,,,,,,,2025-09-09 17:51:12.247068+00:00
41645b76-a44d-4023-bf1e-4329f0b0a958,e1941179-3705-4639-b6ce-ec82c3a00c66,65,65.0,minority,informativeFirst,informative,1,4,4,1,1,5,4,4,5,4,,,,,,,,6.0,6.0,7.0,7.0,6.0,7.0,5.0,5.0,7.0,3.0,1.0,3.0,2.0,3.0,2025-09-09 17:50:47.972284+00:00
ce3da8b2-e2ce-44b7-93f1-cd35ad47125b,e1941179-3705-4639-b6ce-ec82c3a00c66,65,65.0,minority,informativeFirst,normative,2,5,2,2,1,4,6,5,5,4,,,,,,,,6.0,7.0,6.0,6.0,6.0,7.0,5.0,2.0,7.0,3.0,2.0,2.0,2.0,2.0,2025-09-09 18:05:50.802004+00:00
f7edfe21-681e-4e1f-b712-b7e6294e0037,dcd1ed62-d5a6-4302-a597-724e85fa3a91,66,66.0,minorityDiffusion,normativeFirst,informative,2,5,2,2,2,5,6,5,5,4,,,,,,,,5.0,5.0,5.0,4.0,5.0,5.0,5.0,5.0,5.0,5.0,4.0,5.0,5.0,5.0,2025-09-09 17:42:37.968969+00:00
ad6f7702-da34-4762-b9fb-634e75a93174,dcd1ed62-d5a6-4302-a597-724e85fa3a91,66,66.0,minorityDiffusion,normativeFirst,normative,1,2,2,2,2,2,6,6,6,4,,,,,,,,5.0,5.0,5.0,5.0,5.0,5.0,5.0,5.0,5.0,5.0,4.0,4.0,4.0,4.0,2025-09-09 17:35:10.228578+00:00
232338c8-c501-4b52-86fd-ab8e8c781aa8,9d0abbe5-a06d-4ded-ad7b-5ee1139b84c9,67,67.0,majority,informativeFirst,informative,1,4,1,1,1,3,5,5,5,4,4.0,5.0,4.0,7.0,5.0,5.0,6.0,,,,,,,,,,,,,,,2025-09-09 18:11:26.077533+00:00
b70c9c3e-cf00-4cce-8db2-55ea225888d5,9d0abbe5-a06d-4ded-ad7b-5ee1139b84c9,67,67.0,majority,informativeFirst,normative,2,7,1,1,1,2,7,6,7,4,5.0,3.0,4.0,5.0,5.0,4.0,5.0,,,,,,,,,,,,,,,2025-09-09 18:27:47.912592+00:00
d72987d1-8b9a-4cd3-baba-35aaa89a5a8f,7bbeecf7-33a6-4f95-b1f7-1b17b79f0b72,68,68.0,minority,normativeFirst,informative,2,1,1,1,1,2,7,6,7,4,,,,,,,,7.0,7.0,7.0,7.0,7.0,7.0,7.0,7.0,7.0,7.0,7.0,7.0,7.0,7.0,2025-09-09 17:50:41.646014+00:00
8a4c477b-a824-4065-8245-f5b7cd8394ed,7bbeecf7-33a6-4f95-b1f7-1b17b79f0b72,68,68.0,minority,normativeFirst,normative,1,3,1,1,1,2,7,5,5,4,,,,,,,,7.0,7.0,7.0,7.0,7.0,7.0,7.0,7.0,7.0,7.0,7.0,7.0,7.0,7.0,2025-09-09 17:41:00.831274+00:00
444834e6-c127-4bbd-85e9-6b3cc0d20570,a06d8bf2-816c-48a8-b4fe-03c79b290a30,69,69.0,minorityDiffusion,informativeFirst,informative,1,3,3,1,3,6,6,6,4,4,,,,,,,,6.0,3.0,5.0,6.0,5.0,5.0,4.0,4.0,2.0,5.0,6.0,5.0,5.0,5.0,2025-09-09 17:39:21.761095+00:00
edd3561c-6385-434b-88e4-210551da0d74,a06d8bf2-816c-48a8-b4fe-03c79b290a30,69,69.0,minorityDiffusion,informativeFirst,normative,2,2,1,1,1,5,7,7,7,4,,,,,,,,6.0,3.0,6.0,6.0,5.0,5.0,4.0,5.0,6.0,4.0,5.0,4.0,5.0,4.0,2025-09-09 17:49:55.102016+00:00
44d2db68-ab05-41cd-9101-598fdc559da5,ab008076-6538-4925-beb0-9c2ac8259d81,70,70.0,majority,normativeFirst,informative,2,6,2,1,2,5,5,4,4,4,5.0,6.0,6.0,5.0,6.0,4.0,4.0,,,,,,,,,,,,,,,2025-09-09 17:48:46.966578+00:00
f823965d-e47e-47f5-9ce9-dafb3253812c,ab008076-6538-4925-beb0-9c2ac8259d81,70,70.0,majority,normativeFirst,normative,1,1,1,1,1,2,7,6,6,4,4.0,5.0,5.0,4.0,3.0,3.0,3.0,,,,,,,,,,,,,,,2025-09-09 17:39:48.707510+00:00
ea0467a4-2d7e-48c5-9562-d78aa125b8e9,9b21942f-17c3-4406-b78e-79d5b9a591bf,71,71.0,minority,informativeFirst,informative,1,5,3,2,3,5,5,5,5,4,,,,,,,,6.0,6.0,6.0,6.0,7.0,7.0,6.0,6.0,5.0,6.0,7.0,7.0,6.0,6.0,2025-09-09 18:06:47.698532+00:00
1c0a7262-01ed-425f-9243-ec536c001722,9b21942f-17c3-4406-b78e-79d5b9a591bf,71,71.0,minority,informativeFirst,normative,2,2,2,1,2,3,6,4,6,4,,,,,,,,7.0,7.0,6.0,7.0,6.0,7.0,6.0,5.0,6.0,7.0,5.0,6.0,6.0,6.0,2025-09-09 18:18:54.380887+00:00
a9d4cc4a-2b74-4895-a53e-7b07d0ded694,09fb713b-901d-462f-84e3-212c0d1fec01,72,,minorityDiffusion,normativeFirst,informative,2,5,1,1,1,1,7,5,7,4,,,,,,,,6.0,4.0,7.0,7.0,7.0,7.0,7.0,6.0,5.0,7.0,7.0,7.0,7.0,7.0,2025-09-09 18:43:19.276255+00:00
77b7e6dd-5cf7-4598-a7bc-1afc0d639f4e,09fb713b-901d-462f-84e3-212c0d1fec01,72,,minorityDiffusion,normativeFirst,normative,1,2,2,1,1,1,7,7,7,4,,,,,,,,2.0,3.0,5.0,7.0,7.0,7.0,7.0,5.0,6.0,6.0,7.0,7.0,7.0,7.0,2025-09-09 18:15:14.785190+00:00
aebfe5ef-75be-4c01-b4e8-4ad60ae2abf6,1956d093-8877-452f-b605-d6975cedbfa9,73,73.0,majority,informativeFirst,informative,1,6,5,6,6,6,4,4,4,4,5.0,5.0,5.0,6.0,6.0,6.0,6.0,,,,,,,,,,,,,,,2025-09-09 17:52:32.100019+00:00
00083df4-bfae-43f1-88f9-cd0bb99458f7,1956d093-8877-452f-b605-d6975cedbfa9,73,73.0,majority,informativeFirst,normative,2,6,6,5,4,4,4,4,4,4,6.0,6.0,6.0,6.0,6.0,6.0,5.0,,,,,,,,,,,,,,,2025-09-09 18:01:09.641351+00:00
11f332e0-1ba2-499e-9de9-9c3bae0ca066,e9735720-d13d-47c9-99f1-be9ec8418a61,74,74.0,minority,normativeFirst,informative,2,5,1,3,1,7,5,3,5,4,,,,,,,,5.0,5.0,6.0,7.0,5.0,6.0,5.0,7.0,6.0,6.0,5.0,6.0,6.0,7.0,2025-09-09 17:53:07.445669+00:00
f2daf672-499e-4b14-a2b8-70c3d1abf271,e9735720-d13d-47c9-99f1-be9ec8418a61,74,74.0,minority,normativeFirst,normative,1,5,1,1,1,2,7,5,6,4,,,,,,,,7.0,6.0,7.0,7.0,5.0,6.0,5.0,7.0,5.0,6.0,5.0,5.0,6.0,5.0,2025-09-09 17:41:02.459995+00:00
315803c5-45f0-4bf7-8e2e-46f693a7e3bc,00f48994-a285-4631-9696-edbecccdbd14,75,75.0,minorityDiffusion,informativeFirst,informative,1,4,3,2,2,5,5,5,5,4,,,,,,,,3.0,3.0,6.0,6.0,6.0,6.0,5.0,5.0,3.0,5.0,5.0,6.0,6.0,6.0,2025-09-09 17:39:36.059358+00:00
7793076f-c598-486a-9e58-f0f82cb6bfec,00f48994-a285-4631-9696-edbecccdbd14,75,75.0,minorityDiffusion,informativeFirst,normative,2,2,2,2,2,2,7,7,7,4,,,,,,,,5.0,5.0,3.0,5.0,4.0,5.0,4.0,5.0,5.0,5.0,6.0,5.0,5.0,5.0,2025-09-09 17:52:59.051009+00:00
426c4ab1-4380-41d0-b798-130d97da61dd,cd24dfc7-ab58-4701-8060-636ce24d286e,76,76.0,majority,normativeFirst,informative,2,3,2,1,1,2,7,2,6,4,4.0,7.0,4.0,2.0,1.0,1.0,1.0,,,,,,,,,,,,,,,2025-09-09 17:58:33.676163+00:00
ad69a2bc-7ea7-43e5-a2a4-81a12af46f96,cd24dfc7-ab58-4701-8060-636ce24d286e,76,76.0,majority,normativeFirst,normative,1,1,1,1,1,1,7,7,7,4,4.0,7.0,5.0,1.0,1.0,1.0,1.0,,,,,,,,,,,,,,,2025-09-09 17:42:16.331999+00:00
81cb3cdc-363d-4703-9230-a18eed4478b3,889464d6-cce9-4e14-8ceb-032f3a0abf0c,77,77.0,minority,informativeFirst,informative,1,1,1,1,1,1,7,7,7,4,,,,,,,,7.0,7.0,7.0,6.0,6.0,6.0,6.0,7.0,6.0,6.0,6.0,6.0,6.0,6.0,2025-09-09 17:50:10.880617+00:00
1677bd75-35ee-4aa9-8f97-70ee8eb966db,889464d6-cce9-4e14-8ceb-032f3a0abf0c,77,77.0,minority,informativeFirst,normative,2,1,1,1,1,1,7,7,7,4,,,,,,,,6.0,7.0,6.0,6.0,6.0,6.0,6.0,7.0,7.0,7.0,7.0,7.0,7.0,7.0,2025-09-09 18:08:01.183047+00:00
10bbb543-5736-43c0-9370-011287d262b9,f648a570-513c-4482-9932-71c78717586c,78,78.0,minorityDiffusion,normativeFirst,informative,2,2,2,1,2,3,7,4,7,4,,,,,,,,7.0,7.0,7.0,7.0,7.0,7.0,7.0,7.0,7.0,7.0,7.0,7.0,7.0,7.0,2025-09-09 18:04:29.715377+00:00
e21fd802-a327-4757-a24f-69222801e748,f648a570-513c-4482-9932-71c78717586c,78,78.0,minorityDiffusion,normativeFirst,normative,1,4,2,1,4,3,7,4,7,4,,,,,,,,6.0,6.0,7.0,7.0,7.0,7.0,7.0,7.0,7.0,7.0,7.0,7.0,7.0,7.0,2025-09-09 17:52:27.129194+00:00
1307256e-13ea-404a-8d70-8c46b83f59ac,6e51d200-d884-4119-8396-68494a7ddf3f,79,79.0,majority,informativeFirst,informative,1,3,2,2,2,7,7,4,7,4,7.0,7.0,7.0,7.0,7.0,4.0,5.0,,,,,,,,,,,,,,,2025-09-09 17:38:10.520560+00:00
fa1618d6-08e0-4363-9e67-aa35659df948,6e51d200-d884-4119-8396-68494a7ddf3f,79,79.0,majority,informativeFirst,normative,2,3,2,2,3,4,7,3,7,4,6.0,5.0,5.0,7.0,7.0,4.0,4.0,,,,,,,,,,,,,,,2025-09-09 17:46:20.579978+00:00
fcd414c8-1a1d-4da3-9ddc-fa721fbaec4f,77c2f6c1-59bb-4529-b4bd-95947c8939bb,80,80.0,minority,normativeFirst,informative,2,1,1,3,1,7,7,7,7,4,,,,,,,,5.0,7.0,4.0,3.0,1.0,2.0,1.0,5.0,7.0,4.0,4.0,1.0,2.0,1.0,2025-09-09 17:46:08.038558+00:00
7b39bdf0-3308-459f-9731-43b23846bddd,77c2f6c1-59bb-4529-b4bd-95947c8939bb,80,80.0,minority,normativeFirst,normative,1,1,2,5,1,7,6,5,5,4,,,,,,,,6.0,7.0,6.0,4.0,1.0,2.0,1.0,2.0,7.0,5.0,4.0,1.0,2.0,1.0,2025-09-09 17:37:48.325104+00:00
3d975077-995e-4620-89cd-9188a452ab9d,e817f2b7-c7dd-4cff-9367-138be05feaaf,81,81.0,minorityDiffusion,informativeFirst,informative,1,1,1,1,1,1,1,1,1,4,,,,,,,,4.0,4.0,5.0,1.0,1.0,1.0,2.0,4.0,4.0,4.0,1.0,1.0,1.0,2.0,2025-09-09 17:43:00.692087+00:00
2d731f44-060b-47f6-936d-700894f4b712,e817f2b7-c7dd-4cff-9367-138be05feaaf,81,81.0,minorityDiffusion,informativeFirst,normative,2,1,1,1,1,1,4,4,1,4,,,,,,,,1.0,4.0,1.0,1.0,1.0,1.0,1.0,1.0,4.0,1.0,1.0,1.0,1.0,1.0,2025-09-09 17:51:17.798489+00:00
c1b79a85-e14f-4ce2-a64f-3fd90921b3b6,b532a2a0-cb98-42dc-b522-088859f7b0c5,82,82.0,majority,normativeFirst,informative,2,4,4,3,4,4,4,3,4,4,3.0,3.0,3.0,5.0,3.0,4.0,3.0,,,,,,,,,,,,,,,2025-09-09 17:46:09.120878+00:00
f004b35c-fa13-401c-bdcc-772ed600f153,b532a2a0-cb98-42dc-b522-088859f7b0c5,82,82.0,majority,normativeFirst,normative,1,4,3,3,3,3,3,5,3,4,4.0,4.0,4.0,5.0,5.0,5.0,5.0,,,,,,,,,,,,,,,2025-09-09 17:38:51.497219+00:00
e6e9727e-b79e-450a-9dcc-23dde82328b6,206652aa-efa6-46bb-8a66-bc2718a52ce6,83,83.0,minority,informativeFirst,informative,1,2,1,2,2,1,1,1,1,4,,,,,,,,5.0,5.0,5.0,5.0,5.0,5.0,4.0,4.0,4.0,4.0,4.0,4.0,4.0,4.0,2025-09-09 18:11:47.265815+00:00
ea7a68dd-0a0d-484b-85b4-229e12424955,206652aa-efa6-46bb-8a66-bc2718a52ce6,83,83.0,minority,informativeFirst,normative,2,1,1,1,1,1,1,1,1,4,,,,,,,,4.0,4.0,4.0,4.0,4.0,4.0,4.0,4.0,4.0,4.0,4.0,4.0,4.0,4.0,2025-09-09 18:17:05.465702+00:00
3640cfc5-3f7c-4b09-8957-60f99a588f0a,c5c5f9a8-56b2-47cb-ba19-8c86e4b86f3b,84,84.0,minorityDiffusion,normativeFirst,informative,2,7,7,1,1,7,7,7,7,4,,,,,,,,7.0,7.0,7.0,7.0,7.0,7.0,6.0,6.0,7.0,6.0,6.0,7.0,7.0,6.0,2025-09-09 17:48:34.556469+00:00
e9573857-5e22-4077-9311-e01524482474,c5c5f9a8-56b2-47cb-ba19-8c86e4b86f3b,84,84.0,minorityDiffusion,normativeFirst,normative,1,7,5,1,1,7,7,7,6,4,,,,,,,,5.0,3.0,6.0,7.0,6.0,7.0,7.0,5.0,6.0,5.0,7.0,5.0,4.0,5.0,2025-09-09 17:38:29.890710+00:00
9c6a82ac-b296-4d36-96ab-60ac8df6a578,5113d9f7-3fef-4ec8-8a2d-d3d2eb771a9e,85,85.0,majority,informativeFirst,informative,1,1,1,1,1,1,7,4,1,4,3.0,6.0,3.0,3.0,2.0,4.0,2.0,,,,,,,,,,,,,,,2025-09-09 17:42:28.689881+00:00
89c82861-f751-4b98-80a4-0146b4be8880,5113d9f7-3fef-4ec8-8a2d-d3d2eb771a9e,85,85.0,majority,informativeFirst,normative,2,4,1,1,1,5,7,1,6,4,5.0,5.0,4.0,6.0,4.0,4.0,4.0,,,,,,,,,,,,,,,2025-09-09 17:54:30.647869+00:00
31c9f103-c0ff-4fe9-b57d-a970a20c6a85,dc4e73f1-4cf5-47ea-a5b9-d58eaaf436e3,86,86.0,minority,normativeFirst,informative,2,4,2,2,2,6,6,6,6,4,,,,,,,,4.0,4.0,4.0,4.0,2.0,5.0,2.0,6.0,6.0,6.0,6.0,6.0,6.0,6.0,2025-09-09 17:59:52.896978+00:00
1e26e6e8-9a00-4ca7-a365-1c2de5a740be,dc4e73f1-4cf5-47ea-a5b9-d58eaaf436e3,86,86.0,minority,normativeFirst,normative,1,2,2,2,2,2,6,5,5,4,,,,,,,,5.0,5.0,5.0,5.0,4.0,4.0,4.0,5.0,4.0,5.0,5.0,4.0,4.0,5.0,2025-09-09 17:46:00.994529+00:00
983d7584-8ee3-4497-ab0a-e279a9d03482,09b9e45a-2dad-4776-8f63-9a5ff5189f5f,87,87.0,minorityDiffusion,informativeFirst,informative,1,5,5,2,4,5,3,4,3,4,,,,,,,,3.0,2.0,4.0,3.0,4.0,4.0,4.0,4.0,3.0,4.0,4.0,5.0,4.0,4.0,2025-09-09 17:41:59.102717+00:00
46d6c63c-dd45-40cb-af56-9c8d49b75b51,09b9e45a-2dad-4776-8f63-9a5ff5189f5f,87,87.0,minorityDiffusion,informativeFirst,normative,2,3,3,1,3,1,7,1,7,4,,,,,,,,4.0,5.0,4.0,5.0,4.0,4.0,4.0,4.0,5.0,4.0,5.0,4.0,4.0,4.0,2025-09-09 17:55:15.107279+00:00
0b94034e-bf86-403d-85d0-58aab89a6dd5,43767e66-41d2-4d39-ab15-55bb730cb0ed,88,88.0,majority,normativeFirst,informative,2,1,1,2,2,2,7,7,6,4,2.0,6.0,2.0,2.0,3.0,2.0,2.0,,,,,,,,,,,,,,,2025-09-09 17:46:57.837039+00:00
4d8509d0-a241-43d0-a1ef-b5f461e4589b,43767e66-41d2-4d39-ab15-55bb730cb0ed,88,88.0,majority,normativeFirst,normative,1,6,6,5,6,6,5,6,6,4,7.0,7.0,6.0,6.0,7.0,6.0,7.0,,,,,,,,,,,,,,,2025-09-09 17:38:11.063267+00:00
d77c7a67-cd45-46a8-9402-607de35a862b,ae1e82c8-04e8-4d42-9f19-a2f3c1e789df,89,89.0,minority,informativeFirst,informative,1,3,1,1,1,2,7,6,7,4,,,,,,,,7.0,7.0,7.0,7.0,3.0,4.0,4.0,7.0,7.0,7.0,7.0,5.0,4.0,6.0,2025-09-09 17:47:35.432492+00:00
eed8c93b-4ffc-4efd-bd0c-574d97cf0b29,ae1e82c8-04e8-4d42-9f19-a2f3c1e789df,89,89.0,minority,informativeFirst,normative,2,1,1,1,1,1,7,7,7,4,,,,,,,,7.0,6.0,6.0,5.0,2.0,4.0,4.0,7.0,7.0,4.0,2.0,1.0,4.0,3.0,2025-09-09 18:04:47.622172+00:00
4c4c1f22-62a4-4618-bd6e-bbd6885c1c29,cda01786-9a32-4292-8f0d-2b2717a685d4,90,90.0,minorityDiffusion,normativeFirst,informative,2,2,2,2,2,1,4,4,4,4,,,,,,,,7.0,7.0,7.0,7.0,7.0,7.0,7.0,6.0,6.0,7.0,7.0,7.0,7.0,7.0,2025-09-09 17:58:19.888566+00:00
0adde7e9-32ca-469e-a3c9-df60203ddcca,cda01786-9a32-4292-8f0d-2b2717a685d4,90,90.0,minorityDiffusion,normativeFirst,normative,1,2,2,1,2,2,5,3,4,4,,,,,,,,7.0,7.0,7.0,7.0,7.0,7.0,7.0,6.0,6.0,4.0,6.0,7.0,7.0,7.0,2025-09-09 17:48:07.215886+00:00
0a09a386-96cd-40c1-9e34-c7828ebe9d30,7828fa6e-2064-4d65-a533-7b743e1b3430,91,91.0,majority,informativeFirst,informative,1,1,1,1,1,1,1,7,7,4,1.0,7.0,4.0,1.0,1.0,1.0,1.0,,,,,,,,,,,,,,,2025-09-09 17:41:29.612432+00:00
35c8653d-33ed-445c-b8f8-5c248c231b41,7828fa6e-2064-4d65-a533-7b743e1b3430,91,91.0,majority,informativeFirst,normative,2,6,1,1,1,6,6,5,6,4,6.0,7.0,5.0,1.0,1.0,1.0,1.0,,,,,,,,,,,,,,,2025-09-09 17:56:20.244399+00:00
bea2533d-6ace-41bb-b385-90624b7bdedf,929a3771-f5d2-4878-8a0f-a54e9ddd35f3,92,,minority,normativeFirst,informative,2,1,1,1,1,1,7,1,6,4,,,,,,,,6.0,5.0,5.0,5.0,4.0,4.0,3.0,2.0,2.0,2.0,2.0,1.0,1.0,1.0,2025-09-09 17:58:15.714337+00:00
c6279f8d-b33c-4687-b5b0-50d01528e9bf,929a3771-f5d2-4878-8a0f-a54e9ddd35f3,92,92.0,minority,normativeFirst,normative,1,1,1,1,1,1,7,1,7,4,,,,,,,,5.0,5.0,5.0,4.0,2.0,4.0,2.0,5.0,4.0,4.0,4.0,4.0,4.0,3.0,2025-09-09 17:44:09.893664+00:00
d9c25037-f6cf-46da-a28c-547a1db2a0b5,9a87156c-e259-4496-8112-91c616f9a63e,93,93.0,minorityDiffusion,informativeFirst,informative,1,6,6,4,3,6,6,6,6,4,,,,,,,,5.0,5.0,5.0,5.0,5.0,5.0,5.0,6.0,7.0,7.0,7.0,7.0,7.0,6.0,2025-09-09 18:16:10.166563+00:00
97c8348a-6cb2-473c-b0de-f92afc87711a,9a87156c-e259-4496-8112-91c616f9a63e,93,93.0,minorityDiffusion,informativeFirst,normative,2,4,1,1,1,5,1,1,6,4,,,,,,,,7.0,3.0,5.0,5.0,5.0,6.0,6.0,7.0,7.0,7.0,7.0,7.0,7.0,7.0,2025-09-09 18:40:37.279460+00:00
9af42439-e6ca-4733-a420-beb0b6e21225,520fac17-1bfc-4435-90f5-9cde743aeceb,94,94.0,majority,normativeFirst,informative,2,6,1,1,2,4,4,4,3,4,4.0,4.0,4.0,5.0,4.0,4.0,4.0,,,,,,,,,,,,,,,2025-09-09 18:06:33.233166+00:00
c0f55d6f-62ea-41b1-8954-ce9b06e9cf84,520fac17-1bfc-4435-90f5-9cde743aeceb,94,94.0,majority,normativeFirst,normative,1,1,1,1,4,3,7,5,2,4,5.0,6.0,5.0,5.0,3.0,4.0,4.0,,,,,,,,,,,,,,,2025-09-09 17:54:44.654321+00:00
c9e4ba07-a0cd-4cc7-92eb-18e331b618ba,5270e09f-e86d-46cf-86b5-ebe8ddf36c6d,95,95.0,minority,informativeFirst,informative,1,1,1,1,1,1,7,4,1,4,,,,,,,,2.0,7.0,2.0,1.0,1.0,1.0,1.0,4.0,7.0,4.0,1.0,1.0,1.0,1.0,2025-09-09 17:45:15.133105+00:00
97a55b83-386e-4c0c-9ac7-a11cf903e089,5270e09f-e86d-46cf-86b5-ebe8ddf36c6d,95,95.0,minority,informativeFirst,normative,2,1,1,1,1,2,7,1,1,4,,,,,,,,2.0,7.0,1.0,1.0,1.0,1.0,1.0,2.0,7.0,3.0,1.0,1.0,1.0,1.0,2025-09-09 17:54:46.917797+00:00
60d53cc1-18f8-470d-8f69-27a86f13a006,a0bf9560-92d1-4cb1-8248-b2152eebb996,96,96.0,minorityDiffusion,normativeFirst,informative,2,5,2,1,2,5,4,3,5,4,,,,,,,,5.0,3.0,4.0,4.0,4.0,3.0,3.0,3.0,7.0,3.0,2.0,1.0,1.0,2.0,2025-09-09 17:58:44.926198+00:00
cc025e47-6648-4e36-948b-b2654c1a9bd5,a0bf9560-92d1-4cb1-8248-b2152eebb996,96,96.0,minorityDiffusion,normativeFirst,normative,1,2,1,1,4,3,6,5,5,4,,,,,,,,3.0,4.0,4.0,3.0,2.0,3.0,3.0,3.0,6.0,4.0,2.0,1.0,1.0,2.0,2025-09-09 17:51:52.010149+00:00
8d77d979-68ce-42b4-9a83-bebcab8473e0,ae947f61-8ce5-456c-9663-5e29f5248f4b,97,97.0,majority,informativeFirst,informative,1,2,1,1,1,3,5,4,6,4,3.0,3.0,4.0,2.0,2.0,1.0,2.0,,,,,,,,,,,,,,,2025-09-09 17:46:53.420558+00:00
6da0bcab-aba3-43e5-b68e-188988d15134,ae947f61-8ce5-456c-9663-5e29f5248f4b,97,97.0,majority,informativeFirst,normative,2,2,1,1,1,1,7,2,7,4,4.0,6.0,4.0,2.0,2.0,2.0,3.0,,,,,,,,,,,,,,,2025-09-09 17:59:09.988082+00:00
75acd06b-5505-48eb-bca5-af64c110db5c,b8fcffcb-d710-49d0-9416-bcdbb05a9fb3,98,,minority,normativeFirst,informative,2,6,7,1,1,2,7,7,6,4,,,,,,,,7.0,7.0,7.0,7.0,7.0,7.0,7.0,5.0,5.0,5.0,5.0,5.0,4.0,4.0,2025-09-09 18:50:55.923361+00:00
a6b67601-cfd7-4259-b109-67f6ed7150ae,b8fcffcb-d710-49d0-9416-bcdbb05a9fb3,98,,minority,normativeFirst,normative,1,6,1,1,2,1,5,5,5,4,,,,,,,,7.0,7.0,7.0,7.0,7.0,7.0,6.0,6.0,6.0,6.0,5.0,6.0,5.0,5.0,2025-09-09 18:38:43.976464+00:00
76884b96-1f75-4d95-beda-be3c34957688,15a24730-cdbc-4c30-ba5c-a2bb3c8683aa,99,99.0,minorityDiffusion,informativeFirst,informative,1,6,1,1,1,1,6,6,6,4,,,,,,,,7.0,6.0,6.0,7.0,7.0,7.0,7.0,7.0,7.0,7.0,7.0,7.0,7.0,7.0,2025-09-09 17:41:59.715203+00:00
207f85c0-18ea-41df-be65-2004b27a800f,15a24730-cdbc-4c30-ba5c-a2bb3c8683aa,99,99.0,minorityDiffusion,informativeFirst,normative,2,1,3,1,1,2,7,5,5,4,,,,,,,,7.0,7.0,7.0,7.0,7.0,7.0,7.0,7.0,7.0,7.0,7.0,7.0,7.0,7.0,2025-09-09 17:52:31.191347+00:00
bf87d609-24d4-41ac-a4d9-cc61203cb2d5,4d1cd95f-4f3f-40ae-ab18-7f0171c8d7f7,100,100.0,majority,normativeFirst,informative,2,1,1,1,5,5,7,4,4,4,5.0,5.0,5.0,6.0,6.0,6.0,6.0,,,,,,,,,,,,,,,2025-09-09 18:01:27.829273+00:00
edaf5669-cb44-4973-90c5-54a1ff76818a,4d1cd95f-4f3f-40ae-ab18-7f0171c8d7f7,100,100.0,majority,normativeFirst,normative,1,1,1,1,1,1,7,7,7,4,3.0,3.0,2.0,4.0,7.0,6.0,4.0,,,,,,,,,,,,,,,2025-09-09 17:50:36.795653+00:00
5713c1ba-0705-4dbe-843c-f14844c38d78,95561580-6b5f-4a9c-af7c-d2d85aa29a14,101,101.0,minority,informativeFirst,informative,1,2,2,1,1,3,5,3,5,4,,,,,,,,6.0,5.0,6.0,7.0,5.0,6.0,4.0,6.0,6.0,5.0,6.0,4.0,4.0,4.0,2025-09-09 17:51:26.185917+00:00
0460ddad-d098-4238-a0b0-a5a8a3e8f722,95561580-6b5f-4a9c-af7c-d2d85aa29a14,101,101.0,minority,informativeFirst,normative,2,1,1,1,1,1,7,4,7,4,,,,,,,,4.0,5.0,5.0,5.0,5.0,5.0,5.0,5.0,5.0,5.0,4.0,1.0,3.0,4.0,2025-09-09 18:03:59.460545+00:00
07e5059d-dcac-4fe4-8d53-9df0635d7b85,329bdee7-2437-4ed2-b7e8-132722cccc01,102,102.0,minorityDiffusion,normativeFirst,informative,2,1,1,1,1,1,7,1,1,4,,,,,,,,3.0,5.0,3.0,5.0,4.0,3.0,5.0,3.0,3.0,4.0,5.0,4.0,4.0,5.0,2025-09-09 17:52:50.461738+00:00
f65a03f9-748c-4711-8f70-fc0ebe81132e,329bdee7-2437-4ed2-b7e8-132722cccc01,102,102.0,minorityDiffusion,normativeFirst,normative,1,2,3,1,3,5,6,3,3,4,,,,,,,,6.0,6.0,6.0,7.0,6.0,7.0,6.0,7.0,6.0,7.0,7.0,6.0,6.0,6.0,2025-09-09 17:41:56.481000+00:00
40c14116-d26e-4fb3-83f9-840cfc614fb9,493833b0-279f-4de0-98ef-75ccbb764aac,103,,majority,informativeFirst,informative,1,1,1,1,1,1,7,1,4,4,1.0,2.0,1.0,1.0,1.0,1.0,1.0,,,,,,,,,,,,,,,2025-09-09 17:57:36.700365+00:00
e6354b28-c72d-4a6e-97e6-87e5f77553bb,493833b0-279f-4de0-98ef-75ccbb764aac,103,,majority,informativeFirst,normative,2,1,1,1,1,1,7,1,1,4,1.0,2.0,1.0,1.0,1.0,1.0,1.0,,,,,,,,,,,,,,,2025-09-09 18:07:11.828338+00:00
b8316223-c2fb-41e5-acac-93078b02b31e,cac93c83-183d-4a39-91da-6e4e735430b2,104,104.0,minority,normativeFirst,informative,2,1,1,1,1,1,7,6,6,4,,,,,,,,6.0,6.0,6.0,6.0,6.0,6.0,6.0,5.0,4.0,4.0,5.0,5.0,5.0,5.0,2025-09-09 18:24:40.188139+00:00
73e8d5a6-a0f7-4f40-990f-d8b6ba0dbd8a,cac93c83-183d-4a39-91da-6e4e735430b2,104,104.0,minority,normativeFirst,normative,1,2,2,1,1,2,7,6,6,4,,,,,,,,6.0,6.0,6.0,7.0,6.0,5.0,6.0,3.0,3.0,3.0,5.0,2.0,2.0,3.0,2025-09-09 18:03:24.741786+00:00
04bcf1ce-50db-4e2d-b09f-aa6596a51332,2e812134-90ba-44e2-b10e-f135b5c6ddd5,105,105.0,minorityDiffusion,informativeFirst,informative,1,5,2,4,3,3,5,5,5,4,,,,,,,,4.0,3.0,5.0,5.0,5.0,4.0,3.0,3.0,5.0,3.0,5.0,3.0,4.0,3.0,2025-09-09 17:54:58.599243+00:00
6a203f80-2926-4971-b3e8-176fdfe15e17,2e812134-90ba-44e2-b10e-f135b5c6ddd5,105,105.0,minorityDiffusion,informativeFirst,normative,2,3,2,2,2,3,6,5,5,4,,,,,,,,4.0,3.0,5.0,5.0,5.0,4.0,4.0,5.0,5.0,3.0,5.0,4.0,4.0,4.0,2025-09-09 18:10:27.663730+00:00
14c1351b-3633-42f0-b775-b629b562ce95,bcc249fd-32ed-4e01-86bf-c028c2287a74,106,106.0,majority,normativeFirst,informative,2,6,3,2,2,3,5,3,4,4,5.0,6.0,4.0,3.0,2.0,2.0,3.0,,,,,,,,,,,,,,,2025-09-09 18:34:54.757887+00:00
7c754da0-d1ab-4452-9a70-611391377aa7,bcc249fd-32ed-4e01-86bf-c028c2287a74,106,106.0,majority,normativeFirst,normative,1,3,2,1,2,1,7,6,6,4,5.0,5.0,6.0,3.0,3.0,2.0,3.0,,,,,,,,,,,,,,,2025-09-09 18:16:38.707281+00:00
07ca426f-d063-408b-b408-12603ec73e2f,659ac0e4-10df-4693-aaad-d97429810408,107,107.0,minority,informativeFirst,informative,1,5,3,3,2,5,4,4,4,4,,,,,,,,6.0,6.0,5.0,5.0,6.0,4.0,6.0,6.0,6.0,5.0,5.0,6.0,4.0,6.0,2025-09-09 18:03:05.865366+00:00
4e1c09be-f207-414a-b1e1-889dbd5e68f6,659ac0e4-10df-4693-aaad-d97429810408,107,107.0,minority,informativeFirst,normative,2,5,2,2,1,5,6,5,4,4,,,,,,,,6.0,6.0,6.0,7.0,5.0,4.0,5.0,7.0,5.0,6.0,7.0,6.0,6.0,4.0,2025-09-09 18:15:35.409480+00:00
0180bd6e-fdea-428a-85a2-8fb2f61814eb,4ecb8388-2338-4007-81be-d00054e8c430,108,108.0,minorityDiffusion,normativeFirst,informative,2,1,1,1,2,2,5,4,6,4,,,,,,,,6.0,6.0,7.0,6.0,5.0,5.0,6.0,6.0,6.0,7.0,5.0,5.0,5.0,6.0,2025-09-09 18:12:15.950620+00:00
a483e604-3891-43a2-b8fe-582ca51a29dd,4ecb8388-2338-4007-81be-d00054e8c430,108,108.0,minorityDiffusion,normativeFirst,normative,1,3,1,1,2,6,6,3,6,4,,,,,,,,7.0,6.0,6.0,6.0,6.0,5.0,6.0,6.0,6.0,7.0,6.0,6.0,5.0,6.0,2025-09-09 17:56:02.462610+00:00
3325de79-6ff1-4af9-9de2-390c56a59f01,1e1d464b-26ac-4535-bf85-ff1dd0a686b4,109,109.0,majority,informativeFirst,informative,1,5,3,2,4,5,6,6,4,4,4.0,6.0,5.0,4.0,3.0,6.0,6.0,,,,,,,,,,,,,,,2025-09-09 17:59:48.317596+00:00
002ce84b-55ca-4597-8795-5bf5fe5edc6a,1e1d464b-26ac-4535-bf85-ff1dd0a686b4,109,109.0,majority,informativeFirst,normative,2,2,2,1,2,2,6,7,5,4,4.0,6.0,5.0,3.0,4.0,6.0,6.0,,,,,,,,,,,,,,,2025-09-09 18:14:48.202635+00:00
f115d6b7-6c9f-48fa-b251-1d18345f454b,97c14ba1-c814-4934-bf1d-21ff0650257e,110,110.0,minority,normativeFirst,informative,2,1,1,4,2,2,2,6,5,4,,,,,,,,6.0,6.0,5.0,6.0,5.0,6.0,5.0,5.0,7.0,4.0,5.0,4.0,5.0,6.0,2025-09-09 17:53:27.876327+00:00
0af12841-2bab-4007-b5d7-c396600bb580,97c14ba1-c814-4934-bf1d-21ff0650257e,110,110.0,minority,normativeFirst,normative,1,6,5,2,4,3,2,5,5,4,,,,,,,,6.0,7.0,6.0,7.0,6.0,6.0,6.0,5.0,4.0,5.0,6.0,6.0,6.0,5.0,2025-09-09 17:46:12.735317+00:00
9ba776ed-0c31-4cc9-bb24-d6941045c798,4225fb9a-e135-4365-b761-b672e40539e1,111,111.0,minorityDiffusion,informativeFirst,informative,1,2,1,3,4,2,4,4,4,4,,,,,,,,2.0,2.0,3.0,3.0,2.0,3.0,1.0,3.0,5.0,2.0,2.0,2.0,1.0,1.0,2025-09-09 17:55:08.649988+00:00
ede4875f-8d19-430d-b932-c83a10cfe6b8,4225fb9a-e135-4365-b761-b672e40539e1,111,111.0,minorityDiffusion,informativeFirst,normative,2,2,2,1,2,1,4,2,3,4,,,,,,,,5.0,6.0,4.0,3.0,1.0,3.0,1.0,4.0,6.0,4.0,4.0,1.0,3.0,1.0,2025-09-09 18:09:08.864965+00:00
98a8bedb-8f19-4a62-96f5-e46cf547d535,12977f58-b35a-48bb-ba9b-643cc0379c18,112,112.0,majority,normativeFirst,informative,2,5,4,4,5,4,4,4,4,4,5.0,5.0,4.0,5.0,5.0,5.0,6.0,,,,,,,,,,,,,,,2025-09-09 18:25:49.968082+00:00
80e4ea5a-d968-49bc-88e1-a5693d30a98e,12977f58-b35a-48bb-ba9b-643cc0379c18,112,112.0,majority,normativeFirst,normative,1,4,4,4,5,6,6,5,5,4,4.0,4.0,5.0,5.0,4.0,6.0,5.0,,,,,,,,,,,,,,,2025-09-09 18:18:26.592737+00:00
dbca75f1-fc01-4d67-8e26-8cb6eabead27,8f9ebfca-c50d-4ed1-8314-27f04276794e,113,113.0,minority,informativeFirst,informative,1,2,3,2,2,4,5,4,4,4,,,,,,,,5.0,5.0,5.0,5.0,5.0,5.0,5.0,5.0,5.0,5.0,5.0,5.0,5.0,5.0,2025-09-09 19:16:36.824275+00:00
589a8f1f-acbc-4795-9d3d-6ad2258e8af4,8f9ebfca-c50d-4ed1-8314-27f04276794e,113,113.0,minority,informativeFirst,normative,2,2,2,2,2,2,2,2,2,4,,,,,,,,3.0,3.0,3.0,3.0,3.0,3.0,3.0,3.0,3.0,3.0,3.0,3.0,3.0,3.0,2025-09-09 19:33:11.312111+00:00
7019648f-c836-4262-835f-f5502906bdbc,95f30d93-4281-4988-8ba2-840acccee258,114,114.0,minorityDiffusion,normativeFirst,informative,2,1,1,1,1,2,7,6,5,4,,,,,,,,6.0,6.0,6.0,6.0,6.0,7.0,6.0,5.0,5.0,6.0,5.0,5.0,5.0,5.0,2025-09-09 18:26:04.038197+00:00
86589ce0-848b-42ce-aaa8-24ab98e0a5df,95f30d93-4281-4988-8ba2-840acccee258,114,114.0,minorityDiffusion,normativeFirst,normative,1,2,3,1,2,3,7,5,4,4,,,,,,,,6.0,6.0,6.0,6.0,6.0,7.0,6.0,4.0,4.0,5.0,5.0,5.0,5.0,4.0,2025-09-09 18:15:46.592439+00:00
6e4a530f-1e2c-4bab-a0e4-e89572a3e43b,7c8f6bfd-5a39-49ef-83db-d5f330f9b53d,115,115.0,majority,informativeFirst,informative,1,7,5,3,5,4,7,6,6,4,6.0,6.0,6.0,4.0,6.0,5.0,5.0,,,,,,,,,,,,,,,2025-09-09 17:52:33.801282+00:00
bea852e9-d53f-46dd-9b30-e98eb2ac51b7,7c8f6bfd-5a39-49ef-83db-d5f330f9b53d,115,115.0,majority,informativeFirst,normative,2,5,5,6,5,7,4,5,5,4,6.0,5.0,5.0,5.0,6.0,5.0,5.0,,,,,,,,,,,,,,,2025-09-09 17:59:17.070745+00:00
948eeb98-76e0-45f9-9abe-f7eaba48055c,b113d736-45f2-4708-8d0b-4ab534334126,116,116.0,minority,normativeFirst,informative,2,1,1,1,1,1,7,7,7,4,,,,,,,,6.0,6.0,6.0,6.0,6.0,6.0,1.0,1.0,7.0,1.0,1.0,1.0,1.0,1.0,2025-09-09 18:04:54.600640+00:00
167fe36b-3beb-4635-b733-e5c5283e23ba,b113d736-45f2-4708-8d0b-4ab534334126,116,116.0,minority,normativeFirst,normative,1,1,1,1,1,1,7,7,7,4,,,,,,,,6.0,6.0,6.0,6.0,6.0,6.0,1.0,1.0,7.0,1.0,1.0,1.0,1.0,1.0,2025-09-09 17:55:39.816755+00:00
c62bfc61-94a3-4a42-9437-921cdf25fbe2,492d89b6-d366-43d8-b3e3-3d3776f18f09,117,117.0,minorityDiffusion,informativeFirst,informative,1,1,3,1,1,1,4,5,5,4,,,,,,,,5.0,5.0,5.0,6.0,1.0,3.0,2.0,5.0,6.0,7.0,6.0,2.0,3.0,3.0,2025-09-09 18:00:11.128377+00:00
4ed20e31-8554-4c2f-b326-0182fde57552,492d89b6-d366-43d8-b3e3-3d3776f18f09,117,117.0,minorityDiffusion,informativeFirst,normative,2,1,1,1,1,1,7,3,4,4,,,,,,,,6.0,4.0,5.0,7.0,5.0,4.0,4.0,3.0,4.0,6.0,6.0,4.0,4.0,4.0,2025-09-09 18:21:08.196471+00:00
3c7f3657-0b27-4069-9a97-fe48fcc5e332,bcfa8ed7-049b-41a3-8758-cab44eb85c7e,118,118.0,majority,normativeFirst,informative,2,1,1,1,1,1,1,1,1,4,1.0,1.0,1.0,1.0,1.0,1.0,1.0,,,,,,,,,,,,,,,2025-09-09 18:19:45.732939+00:00
3a834945-e676-43cc-adde-76ed8c9372ed,bcfa8ed7-049b-41a3-8758-cab44eb85c7e,118,118.0,majority,normativeFirst,normative,1,1,1,1,1,1,1,1,1,4,4.0,5.0,5.0,3.0,2.0,1.0,1.0,,,,,,,,,,,,,,,2025-09-09 18:12:30.627078+00:00
f81144cf-4b03-4ced-bcef-66fb394ffced,c1160f10-3fe4-45c8-bedb-256f1b56060e,119,119.0,minority,informativeFirst,informative,1,6,6,3,3,4,5,6,5,4,,,,,,,,4.0,4.0,4.0,5.0,5.0,5.0,5.0,6.0,5.0,6.0,5.0,6.0,5.0,6.0,2025-09-09 18:09:28.616468+00:00
12d5c10d-b04f-426c-99b1-7bdb86b06404,c1160f10-3fe4-45c8-bedb-256f1b56060e,119,119.0,minority,informativeFirst,normative,2,3,2,2,2,2,5,6,6,4,,,,,,,,5.0,6.0,6.0,6.0,6.0,6.0,6.0,6.0,5.0,5.0,6.0,6.0,6.0,6.0,2025-09-09 18:21:06.909059+00:00
962a27ae-b468-455c-98be-5c523bea0a00,38598dd5-4b64-46e0-8bda-c1a3766ec74d,120,120.0,minorityDiffusion,normativeFirst,informative,2,1,1,1,1,1,7,7,7,4,,,,,,,,2.0,4.0,2.0,4.0,1.0,2.0,1.0,1.0,4.0,1.0,4.0,1.0,1.0,1.0,2025-09-09 18:10:56.313274+00:00
ba18b8bf-e701-4a01-8d92-ef23412db0ea,38598dd5-4b64-46e0-8bda-c1a3766ec74d,120,120.0,minorityDiffusion,normativeFirst,normative,1,1,1,1,1,1,7,4,7,4,,,,,,,,2.0,1.0,3.0,2.0,1.0,2.0,1.0,2.0,4.0,2.0,2.0,1.0,2.0,2.0,2025-09-09 18:04:16.401809+00:00
25f8e2fc-16aa-4be6-9aec-ae2d4ffa2bc0,c1490d5a-63eb-43c8-8b70-aac901fc51d7,121,57.0,minorityDiffusion,informativeFirst,informative,1,2,1,1,2,3,7,4,6,4,,,,,,,,4.0,1.0,6.0,6.0,5.0,6.0,5.0,5.0,1.0,6.0,,5.0,5.0,5.0,2025-09-09 18:17:29.417913+00:00
b4a548eb-8c33-4acd-8191-aed196ce90fd,c1490d5a-63eb-43c8-8b70-aac901fc51d7,121,57.0,minorityDiffusion,informativeFirst,normative,2,2,1,4,1,1,6,6,5,4,,,,,,,,4.0,2.0,6.0,7.0,5.0,6.0,4.0,5.0,2.0,6.0,7.0,5.0,6.0,4.0,2025-09-09 18:37:43.831054+00:00
051f2136-4c71-42c7-81b5-cd9cdc9ac51f,c73badf7-3e8c-4394-bebd-062f9d8e2c65,122,103.0,majority,informativeFirst,informative,1,5,4,3,5,7,6,5,6,4,5.0,6.0,6.0,6.0,6.0,5.0,6.0,,,,,,,,,,,,,,,2025-09-09 18:15:52.213189+00:00
4f45970a-2cf5-4338-ad4a-b79185102c40,c73badf7-3e8c-4394-bebd-062f9d8e2c65,122,103.0,majority,informativeFirst,normative,2,3,2,2,2,4,6,5,5,4,6.0,5.0,6.0,6.0,5.0,5.0,5.0,,,,,,,,,,,,,,,2025-09-09 18:32:42.104601+00:00
5b59b2ff-6ae8-498d-bae1-95879f7c5d4a,fcc2cd74-0d9d-4548-bfb0-15d9b696452e,123,58.0,majority,normativeFirst,informative,2,2,2,2,2,4,7,7,7,4,7.0,6.0,7.0,6.0,6.0,7.0,6.0,,,,,,,,,,,,,,,2025-09-09 18:31:29.828024+00:00
18588586-45ea-44a4-9560-660bc5ab5cd5,fcc2cd74-0d9d-4548-bfb0-15d9b696452e,123,58.0,majority,normativeFirst,normative,1,4,3,3,3,3,6,7,6,4,6.0,7.0,6.0,7.0,7.0,7.0,6.0,,,,,,,,,,,,,,,2025-09-09 18:15:22.876311+00:00
9d5e4167-5a0e-4a48-a779-5cb855ff6679,6d1797b0-a111-47d7-be49-735a3794db00,124,92.0,minority,normativeFirst,informative,2,7,1,1,1,1,7,7,7,4,,,,,,,,4.0,7.0,7.0,7.0,5.0,4.0,5.0,4.0,7.0,6.0,7.0,5.0,4.0,5.0,2025-09-09 18:19:39.667558+00:00
8c4fa07b-a9c8-4dbc-8482-967da31073ed,6d1797b0-a111-47d7-be49-735a3794db00,124,92.0,minority,normativeFirst,normative,1,1,1,1,1,3,7,7,7,4,,,,,,,,5.0,6.0,6.0,4.0,4.0,4.0,4.0,2.0,7.0,4.0,1.0,1.0,1.0,1.0,2025-09-09 18:09:01.029121+00:00
02e8b3ca-c468-41fe-af76-3af033598dcc,2f6754e3-91f8-42c4-8052-4680060616bb,125,44.0,minority,normativeFirst,informative,2,7,1,6,6,7,7,7,7,4,,,,,,,,7.0,7.0,7.0,7.0,7.0,7.0,7.0,7.0,7.0,7.0,7.0,7.0,7.0,7.0,2025-09-09 19:01:23.941366+00:00
d513196a-3254-4571-89f0-b5849679cdf1,2f6754e3-91f8-42c4-8052-4680060616bb,125,44.0,minority,normativeFirst,normative,1,4,2,2,3,7,7,7,7,4,,,,,,,,6.0,6.0,4.0,6.0,6.0,6.0,6.0,6.0,5.0,6.0,6.0,6.0,6.0,6.0,2025-09-09 18:42:49.997835+00:00
932a2313-31db-48b9-a682-e561d5a5cbf4,7ed3a914-8b04-43a8-b4a3-40a88e6eb270,126,72.0,minorityDiffusion,normativeFirst,informative,2,1,1,1,4,1,4,4,7,4,,,,,,,,1.0,1.0,1.0,1.0,1.0,1.0,1.0,1.0,1.0,1.0,1.0,1.0,1.0,1.0,2025-09-09 18:57:41.564552+00:00
d4fe787b-58a6-4879-bf6b-a691b6a8b272,7ed3a914-8b04-43a8-b4a3-40a88e6eb270,126,72.0,minorityDiffusion,normativeFirst,normative,1,1,1,1,4,1,4,4,4,4,,,,,,,,6.0,2.0,1.0,1.0,1.0,1.0,1.0,6.0,2.0,1.0,1.0,1.0,1.0,1.0,2025-09-09 18:48:32.990144+00:00
9a3b7370-dc89-4357-8867-02e384de7138,036599a1-cd2b-44e3-bab7-cb5fba869ec8,127,98.0,minority,normativeFirst,informative,2,4,3,3,2,3,4,4,5,4,,,,,,,,4.0,6.0,1.0,4.0,4.0,4.0,4.0,4.0,5.0,1.0,2.0,1.0,3.0,2.0,2025-09-09 19:22:13.620059+00:00
981ea465-0176-4194-9bf7-0481e8fedb94,036599a1-cd2b-44e3-bab7-cb5fba869ec8,127,98.0,minority,normativeFirst,normative,1,3,2,1,2,3,4,4,4,4,,,,,,,,3.0,6.0,4.0,3.0,4.0,4.0,3.0,4.0,5.0,4.0,5.0,3.0,3.0,3.0,2025-09-09 19:02:59.257368+00:00
